AFRICAN AMERICAN STUDIES R1A,AFRICAN AMERICAN STUDIES R1B,AFRICAN AMERICAN STUDIES 4A,AFRICAN AMERICAN STUDIES 5A,AFRICAN AMERICAN STUDIES 7A,AFRICAN AMERICAN STUDIES 8A,AFRICAN AMERICAN STUDIES 10A,AFRICAN AMERICAN STUDIES 11A,AFRICAN AMERICAN STUDIES 15A,AFRICAN AMERICAN STUDIES 24,AFRICAN AMERICAN STUDIES 27AC,AFRICAN AMERICAN STUDIES 28AC,AFRICAN AMERICAN STUDIES 30A,AFRICAN AMERICAN STUDIES 39F,AFRICAN AMERICAN STUDIES 99,AFRICAN AMERICAN STUDIES 100,AFRICAN AMERICAN STUDIES 101,AFRICAN AMERICAN STUDIES 111,AFRICAN AMERICAN STUDIES 112A,AFRICAN AMERICAN STUDIES 115,AFRICAN AMERICAN STUDIES 116,AFRICAN AMERICAN STUDIES 121,AFRICAN AMERICAN STUDIES C133A,AFRICAN AMERICAN STUDIES 134,AFRICAN AMERICAN STUDIES 139,AFRICAN AMERICAN STUDIES 144,AFRICAN AMERICAN STUDIES 155,AFRICAN AMERICAN STUDIES 158A,AFRICAN AMERICAN STUDIES 159,AFRICAN AMERICAN STUDIES H195A,AFRICAN AMERICAN STUDIES H195B,AFRICAN AMERICAN STUDIES 197,AFRICAN AMERICAN STUDIES 198,AFRICAN AMERICAN STUDIES 199,AFRICAN AMERICAN STUDIES 201D,AFRICAN AMERICAN STUDIES 240,AFRICAN AMERICAN STUDIES 241,AFRICAN AMERICAN STUDIES 296,AFRICAN AMERICAN STUDIES C375,AFRICAN AMERICAN STUDIES 602,AGRICULTURAL AND ENVIRON CHEMISTRY 299,ENVIRONMENTAL ECONOMICS AND POLICY C1,ENVIRONMENTAL ECONOMICS AND POLICY 100,ENVIRONMENTAL ECONOMICS AND POLICY C102,ENVIRONMENTAL ECONOMICS AND POLICY C115,ENVIRONMENTAL ECONOMICS AND POLICY C118,ENVIRONMENTAL ECONOMICS AND POLICY 131,ENVIRONMENTAL ECONOMICS AND POLICY 145,ENVIRONMENTAL ECONOMICS AND POLICY C151,ENVIRONMENTAL ECONOMICS AND POLICY 152,ENVIRONMENTAL ECONOMICS AND POLICY 161,ENVIRONMENTAL ECONOMICS AND POLICY C175,ENVIRONMENTAL ECONOMICS AND POLICY C181,ENVIRONMENTAL ECONOMICS AND POLICY 195,ENVIRONMENTAL ECONOMICS AND POLICY H196,ENVIRONMENTAL ECONOMICS AND POLICY 197,ENVIRONMENTAL ECONOMICS AND POLICY 198,ENVIRONMENTAL ECONOMICS AND POLICY 199,AGRICULTURAL AND RESOURCE ECONOMICS 201,AGRICULTURAL AND RESOURCE ECONOMICS 210,AGRICULTURAL AND RESOURCE ECONOMICS 211,AGRICULTURAL AND RESOURCE ECONOMICS 213,AGRICULTURAL AND RESOURCE ECONOMICS 241,AGRICULTURAL AND RESOURCE ECONOMICS C251,AGRICULTURAL AND RESOURCE ECONOMICS C253,AGRICULTURAL AND RESOURCE ECONOMICS 261,AGRICULTURAL AND RESOURCE ECONOMICS 263,AGRICULTURAL AND RESOURCE ECONOMICS 298,AGRICULTURAL AND RESOURCE ECONOMICS 299,AGRICULTURAL AND RESOURCE ECONOMICS 375,AGRICULTURAL AND RESOURCE ECONOMICS 400,AGRICULTURAL AND RESOURCE ECONOMICS 602,AMERICAN STUDIES 10,AMERICAN STUDIES 10AC,AMERICAN STUDIES 101,AMERICAN STUDIES 102,AMERICAN STUDIES H110,AMERICAN STUDIES C112A,AMERICAN STUDIES C152,AMERICAN STUDIES C171,AMERICAN STUDIES 191,AMERICAN STUDIES H195,ANCIENT HISTORY AND MED. ARCH. 299,ANTHROPOLOGY 2AC,ANTHROPOLOGY 3AC,ANTHROPOLOGY R5B,ANTHROPOLOGY 98,ANTHROPOLOGY 106,ANTHROPOLOGY 119,ANTHROPOLOGY 121AC,ANTHROPOLOGY 124A,ANTHROPOLOGY C125B,ANTHROPOLOGY 127A,ANTHROPOLOGY 128,ANTHROPOLOGY C129F,ANTHROPOLOGY 134,ANTHROPOLOGY 140,ANTHROPOLOGY 148,ANTHROPOLOGY 150,ANTHROPOLOGY 155,ANTHROPOLOGY 157,ANTHROPOLOGY 160AC,ANTHROPOLOGY 169B,ANTHROPOLOGY 189,ANTHROPOLOGY H195A,ANTHROPOLOGY H195B,ANTHROPOLOGY 196,ANTHROPOLOGY 197,ANTHROPOLOGY 198,ANTHROPOLOGY 199,ANTHROPOLOGY 229A,ANTHROPOLOGY 230,ANTHROPOLOGY 232,ANTHROPOLOGY 240A,ANTHROPOLOGY 250R,ANTHROPOLOGY 250X,ANTHROPOLOGY C262A,ANTHROPOLOGY C273,ANTHROPOLOGY 290,ANTHROPOLOGY 296A,ANTHROPOLOGY 296B,ANTHROPOLOGY 298,ANTHROPOLOGY 299,ANTHROPOLOGY 301,ANTHROPOLOGY 375,ANTHROPOLOGY 602,APPLIED SCIENCE AND TECHNOLOGY C225,APPLIED SCIENCE AND TECHNOLOGY 299,ARCHITECTURE 100A,ARCHITECTURE 100C,ARCHITECTURE 110AC,ARCHITECTURE 129,ARCHITECTURE 130,ARCHITECTURE 144,ARCHITECTURE 150,ARCHITECTURE 170A,ARCHITECTURE 200A,ARCHITECTURE 200C,ARCHITECTURE 201,ARCHITECTURE 202,ARCHITECTURE 204A,ARCHITECTURE 205A,ARCHITECTURE 207A,ARCHITECTURE 207C,ARCHITECTURE 212,ARCHITECTURE 217,ARCHITECTURE 229,ARCHITECTURE 239,ARCHITECTURE 241,ARCHITECTURE 242,ARCHITECTURE 243,ARCHITECTURE 249,ARCHITECTURE 256,ARCHITECTURE 260,ARCHITECTURE 269,ARCHITECTURE 270,ARCHITECTURE 279,ARCHITECTURE 298,ARCHITECTURE 299,ARCHITECTURE 602,VISUAL STUDIES 185X,VISUAL STUDIES 186B,VISUAL STUDIES 280,VISUAL STUDIES 298,VISUAL STUDIES 299,PRACTICE OF ART 8,PRACTICE OF ART 12,PRACTICE OF ART 13,PRACTICE OF ART 14,PRACTICE OF ART 16,PRACTICE OF ART 21,PRACTICE OF ART 26,PRACTICE OF ART 98,PRACTICE OF ART 99,PRACTICE OF ART 102,PRACTICE OF ART 117,PRACTICE OF ART 118,PRACTICE OF ART 119,PRACTICE OF ART 120,PRACTICE OF ART 132,PRACTICE OF ART 133,PRACTICE OF ART 164,PRACTICE OF ART 171,PRACTICE OF ART 173,PRACTICE OF ART 185,PRACTICE OF ART H195A,PRACTICE OF ART H195B,PRACTICE OF ART 198,PRACTICE OF ART 199,PRACTICE OF ART 218,PRACTICE OF ART 290,PRACTICE OF ART 294,PRACTICE OF ART 295,PRACTICE OF ART 299,PRACTICE OF ART 301,HISTORY OF ART R1B,HISTORY OF ART 35,HISTORY OF ART 100,HISTORY OF ART C121A,HISTORY OF ART 131A,HISTORY OF ART 136A,HISTORY OF ART 172,HISTORY OF ART 175,HISTORY OF ART 182,HISTORY OF ART 190B,HISTORY OF ART 190C,HISTORY OF ART 190F,HISTORY OF ART 192A,HISTORY OF ART 192D,HISTORY OF ART 192F,HISTORY OF ART 192G,HISTORY OF ART 194,HISTORY OF ART H195,HISTORY OF ART C196A,HISTORY OF ART C196B,HISTORY OF ART C196W,HISTORY OF ART 199,HISTORY OF ART 200,HISTORY OF ART 230,HISTORY OF ART 262,HISTORY OF ART 270,HISTORY OF ART 281,HISTORY OF ART 289,HISTORY OF ART 290,HISTORY OF ART 296,HISTORY OF ART 299,HISTORY OF ART 375,HISTORY OF ART 602,ASIAN AMERICAN STUDIES R2A,ASIAN AMERICAN STUDIES R2B,ASIAN AMERICAN STUDIES 20A,ASIAN AMERICAN STUDIES 20C,ASIAN AMERICAN STUDIES 97,ASIAN AMERICAN STUDIES 98,ASIAN AMERICAN STUDIES 99,ASIAN AMERICAN STUDIES 121,ASIAN AMERICAN STUDIES 122,ASIAN AMERICAN STUDIES 124,ASIAN AMERICAN STUDIES 125,ASIAN AMERICAN STUDIES 128AC,ASIAN AMERICAN STUDIES 138,ASIAN AMERICAN STUDIES 151,ASIAN AMERICAN STUDIES 165,ASIAN AMERICAN STUDIES 181,ASIAN AMERICAN STUDIES 195,ASIAN AMERICAN STUDIES H195A,ASIAN AMERICAN STUDIES 197,ASIAN AMERICAN STUDIES 198,ASIAN AMERICAN STUDIES 199,ASIAN STUDIES 10,ASIAN STUDIES 98,ASIAN STUDIES 150,ASIAN STUDIES H195A,ASIAN STUDIES H195B,ASIAN STUDIES 198,ASIAN STUDIES 199,ASIAN STUDIES 201,ASIAN STUDIES 299,ASTRONOMY 7A,ASTRONOMY 10,ASTRONOMY C12,ASTRONOMY C13,ASTRONOMY 98,ASTRONOMY 99,ASTRONOMY 120,ASTRONOMY 160,ASTRONOMY H195,ASTRONOMY 198,ASTRONOMY 199,ASTRONOMY C207,ASTRONOMY 218,ASTRONOMY 250,ASTRONOMY C285,ASTRONOMY 290A,ASTRONOMY C290C,ASTRONOMY 292,ASTRONOMY 298,ASTRONOMY 299,ASTRONOMY 375,ASTRONOMY 602,ASTRONOMY 999,BIOENGINEERING 10,BIOENGINEERING 24,BIOENGINEERING 98,BIOENGINEERING 99,BIOENGINEERING 100,BIOENGINEERING 102,BIOENGINEERING 113,BIOENGINEERING 115,BIOENGINEERING C118,BIOENGINEERING C119,BIOENGINEERING 121,BIOENGINEERING 121L,BIOENGINEERING C125,BIOENGINEERING 131,BIOENGINEERING 132,BIOENGINEERING 140L,BIOENGINEERING C145L,BIOENGINEERING 147,BIOENGINEERING 163L,BIOENGINEERING C165,BIOENGINEERING 168L,BIOENGINEERING C181,BIOENGINEERING 192,BIOENGINEERING H194,BIOENGINEERING 196,BIOENGINEERING 198,BIOENGINEERING 199,BIOENGINEERING 200,BIOENGINEERING 211,BIOENGINEERING 231,BIOENGINEERING 232,BIOENGINEERING 247,BIOENGINEERING 263L,BIOENGINEERING C281,BIOENGINEERING 290D,BIOENGINEERING 290H,BIOENGINEERING 290I,BIOENGINEERING 298,BIOENGINEERING 299,BIOENGINEERING 301,BIOLOGY 1A,BIOLOGY 1AL,BIOLOGY 1B,BIOPHYSICS H196,BIOPHYSICS 292,BIOPHYSICS 293A,GROUP IN BUDDHIST STUDIES C50,GROUP IN BUDDHIST STUDIES C115,GROUP IN BUDDHIST STUDIES C120,GROUP IN BUDDHIST STUDIES C130,GROUP IN BUDDHIST STUDIES 190,GROUP IN BUDDHIST STUDIES 200,GROUP IN BUDDHIST STUDIES C215A,GROUP IN BUDDHIST STUDIES 220,GROUP IN BUDDHIST STUDIES C223,GROUP IN BUDDHIST STUDIES C224,GROUP IN BUDDHIST STUDIES 298,GROUP IN BUDDHIST STUDIES 299,GROUP IN BUDDHIST STUDIES 601,GROUP IN BUDDHIST STUDIES 602,UNDERGRAD. BUSINESS ADMINISTRATION C5,UNDERGRAD. BUSINESS ADMINISTRATION 10,UNDERGRAD. BUSINESS ADMINISTRATION 100,UNDERGRAD. BUSINESS ADMINISTRATION 101A,UNDERGRAD. BUSINESS ADMINISTRATION 101B,UNDERGRAD. BUSINESS ADMINISTRATION 102A,UNDERGRAD. BUSINESS ADMINISTRATION 102B,UNDERGRAD. BUSINESS ADMINISTRATION 103,UNDERGRAD. BUSINESS ADMINISTRATION 104,UNDERGRAD. BUSINESS ADMINISTRATION 105,UNDERGRAD. BUSINESS ADMINISTRATION 106,UNDERGRAD. BUSINESS ADMINISTRATION 107,UNDERGRAD. BUSINESS ADMINISTRATION 115,UNDERGRAD. BUSINESS ADMINISTRATION 117,UNDERGRAD. BUSINESS ADMINISTRATION 118,UNDERGRAD. BUSINESS ADMINISTRATION 120A,UNDERGRAD. BUSINESS ADMINISTRATION 120B,UNDERGRAD. BUSINESS ADMINISTRATION 121,UNDERGRAD. BUSINESS ADMINISTRATION 122,UNDERGRAD. BUSINESS ADMINISTRATION 126,UNDERGRAD. BUSINESS ADMINISTRATION 127,UNDERGRAD. BUSINESS ADMINISTRATION 131,UNDERGRAD. BUSINESS ADMINISTRATION 133,UNDERGRAD. BUSINESS ADMINISTRATION 137,UNDERGRAD. BUSINESS ADMINISTRATION 151,UNDERGRAD. BUSINESS ADMINISTRATION 152,UNDERGRAD. BUSINESS ADMINISTRATION 155,UNDERGRAD. BUSINESS ADMINISTRATION 156AC,UNDERGRAD. BUSINESS ADMINISTRATION 167,UNDERGRAD. BUSINESS ADMINISTRATION 175,UNDERGRAD. BUSINESS ADMINISTRATION 177,UNDERGRAD. BUSINESS ADMINISTRATION 178,UNDERGRAD. BUSINESS ADMINISTRATION 180,UNDERGRAD. BUSINESS ADMINISTRATION 190T,UNDERGRAD. BUSINESS ADMINISTRATION 191C,UNDERGRAD. BUSINESS ADMINISTRATION 192N,UNDERGRAD. BUSINESS ADMINISTRATION 192P,UNDERGRAD. BUSINESS ADMINISTRATION 195P,UNDERGRAD. BUSINESS ADMINISTRATION 195T,UNDERGRAD. BUSINESS ADMINISTRATION 196,MASTERS IN BUSINESS ADMINISTRATION 209F,MASTERS IN BUSINESS ADMINISTRATION 295M,PH.D. IN BUSINESS ADMINISTRATION 229C,PH.D. IN BUSINESS ADMINISTRATION 229S,PH.D. IN BUSINESS ADMINISTRATION 239A,PH.D. IN BUSINESS ADMINISTRATION 239C,PH.D. IN BUSINESS ADMINISTRATION 239S,PH.D. IN BUSINESS ADMINISTRATION 259A,PH.D. IN BUSINESS ADMINISTRATION 259S,PH.D. IN BUSINESS ADMINISTRATION 269C,PH.D. IN BUSINESS ADMINISTRATION 269S,PH.D. IN BUSINESS ADMINISTRATION C270,PH.D. IN BUSINESS ADMINISTRATION C279I,PH.D. IN BUSINESS ADMINISTRATION 279S,PH.D. IN BUSINESS ADMINISTRATION 289S,PH.D. IN BUSINESS ADMINISTRATION 297B,CELTIC STUDIES R1B,CELTIC STUDIES 15,CELTIC STUDIES 70,CELTIC STUDIES 98,CELTIC STUDIES 105A,CELTIC STUDIES 138,CELTIC STUDIES 144A,CELTIC STUDIES 146A,CELTIC STUDIES C168,CELTIC STUDIES H195A,CELTIC STUDIES H195B,CELTIC STUDIES 198,CELTIC STUDIES 199,CHEMICAL & BIOMOLECULAR ENGINEERING 24,CHEMICAL & BIOMOLECULAR ENGINEERING 40,CHEMICAL & BIOMOLECULAR ENGINEERING 98,CHEMICAL & BIOMOLECULAR ENGINEERING 140,CHEMICAL & BIOMOLECULAR ENGINEERING 142,CHEMICAL & BIOMOLECULAR ENGINEERING 150B,CHEMICAL & BIOMOLECULAR ENGINEERING 154,CHEMICAL & BIOMOLECULAR ENGINEERING 160,CHEMICAL & BIOMOLECULAR ENGINEERING 162,CHEMICAL & BIOMOLECULAR ENGINEERING 170A,CHEMICAL & BIOMOLECULAR ENGINEERING 180,CHEMICAL & BIOMOLECULAR ENGINEERING 185,CHEMICAL & BIOMOLECULAR ENGINEERING H194,CHEMICAL & BIOMOLECULAR ENGINEERING 195,CHEMICAL & BIOMOLECULAR ENGINEERING C195A,CHEMICAL & BIOMOLECULAR ENGINEERING 196,CHEMICAL & BIOMOLECULAR ENGINEERING 197,CHEMICAL & BIOMOLECULAR ENGINEERING 198,CHEMICAL & BIOMOLECULAR ENGINEERING 199,CHEMICAL & BIOMOLECULAR ENGINEERING 240,CHEMICAL & BIOMOLECULAR ENGINEERING 244,CHEMICAL & BIOMOLECULAR ENGINEERING 250,CHEMICAL & BIOMOLECULAR ENGINEERING C268,CHEMICAL & BIOMOLECULAR ENGINEERING C295A,CHEMICAL & BIOMOLECULAR ENGINEERING 295P,CHEMICAL & BIOMOLECULAR ENGINEERING 296,CHEMICAL & BIOMOLECULAR ENGINEERING 298,CHEMICAL & BIOMOLECULAR ENGINEERING 299,CHEMICAL & BIOMOLECULAR ENGINEERING 300,CHEMICAL & BIOMOLECULAR ENGINEERING 602,CHEMISTRY 1A,CHEMISTRY 1AL,CHEMISTRY 3A,CHEMISTRY 3AL,CHEMISTRY 3B,CHEMISTRY 3BL,CHEMISTRY 4A,CHEMISTRY 15,CHEMISTRY 24,CHEMISTRY 49,CHEMISTRY 96,CHEMISTRY 98,CHEMISTRY 103,CHEMISTRY 104A,CHEMISTRY 105,CHEMISTRY 108,CHEMISTRY C110L,CHEMISTRY 112A,CHEMISTRY 113,CHEMISTRY 115,CHEMISTRY 120A,CHEMISTRY 120B,CHEMISTRY 122,CHEMISTRY 125,CHEMISTRY C130,CHEMISTRY 135,CHEMISTRY C138,CHEMISTRY 143,CHEMISTRY 192,CHEMISTRY H194,CHEMISTRY 196,CHEMISTRY 198,CHEMISTRY 199,CHEMISTRY 200,CHEMISTRY 201,CHEMISTRY 220A,CHEMISTRY 221A,CHEMISTRY 222,CHEMISTRY C238,CHEMISTRY 250A,CHEMISTRY 251A,CHEMISTRY 252A,CHEMISTRY 252B,CHEMISTRY 260,CHEMISTRY 261A,CHEMISTRY 261B,CHEMISTRY 261C,CHEMISTRY 298,CHEMISTRY 299,CHEMISTRY 300,CHEMISTRY 301,CHEMISTRY 301A,CHEMISTRY 301B,CHEMISTRY 301C,CHEMISTRY 301D,CHEMISTRY 602,CHICANO STUDIES R1A,CHICANO STUDIES R1B,CHICANO STUDIES 39A,CHICANO STUDIES 50,CHICANO STUDIES 97,CHICANO STUDIES 98,CHICANO STUDIES 99,CHICANO STUDIES 130,CHICANO STUDIES 135A,CHICANO STUDIES 141,CHICANO STUDIES 142,CHICANO STUDIES 159,CHICANO STUDIES 163,CHICANO STUDIES 180,CHICANO STUDIES 195,CHICANO STUDIES H195A,CHICANO STUDIES 197,CHICANO STUDIES 198,CHICANO STUDIES 199,CITY AND REGIONAL PLANNING 110,CITY AND REGIONAL PLANNING 113A,CITY AND REGIONAL PLANNING 115,CITY AND REGIONAL PLANNING 140,CITY AND REGIONAL PLANNING 190,CITY AND REGIONAL PLANNING 200,CITY AND REGIONAL PLANNING 204A,CITY AND REGIONAL PLANNING 205,CITY AND REGIONAL PLANNING C213,CITY AND REGIONAL PLANNING 238,CITY AND REGIONAL PLANNING C240,CITY AND REGIONAL PLANNING C241,CITY AND REGIONAL PLANNING 255,CITY AND REGIONAL PLANNING 256,CITY AND REGIONAL PLANNING 260,CITY AND REGIONAL PLANNING 275,CITY AND REGIONAL PLANNING 280A,CITY AND REGIONAL PLANNING 280C,CITY AND REGIONAL PLANNING 290,CITY AND REGIONAL PLANNING 298,CITY AND REGIONAL PLANNING 299,CITY AND REGIONAL PLANNING 300,CITY AND REGIONAL PLANNING 602,CIVIL AND ENVIRONMENTAL ENGINEERING C30,CIVIL AND ENVIRONMENTAL ENGINEERING 60,CIVIL AND ENVIRONMENTAL ENGINEERING 70,CIVIL AND ENVIRONMENTAL ENGINEERING 92,CIVIL AND ENVIRONMENTAL ENGINEERING 93,CIVIL AND ENVIRONMENTAL ENGINEERING 98,CIVIL AND ENVIRONMENTAL ENGINEERING 99,CIVIL AND ENVIRONMENTAL ENGINEERING 100,CIVIL AND ENVIRONMENTAL ENGINEERING 105,CIVIL AND ENVIRONMENTAL ENGINEERING 111,CIVIL AND ENVIRONMENTAL ENGINEERING 111L,CIVIL AND ENVIRONMENTAL ENGINEERING 113N,CIVIL AND ENVIRONMENTAL ENGINEERING 114,CIVIL AND ENVIRONMENTAL ENGINEERING 115,CIVIL AND ENVIRONMENTAL ENGINEERING 122N,CIVIL AND ENVIRONMENTAL ENGINEERING 123N,CIVIL AND ENVIRONMENTAL ENGINEERING 124,CIVIL AND ENVIRONMENTAL ENGINEERING 153,CIVIL AND ENVIRONMENTAL ENGINEERING 167,CIVIL AND ENVIRONMENTAL ENGINEERING 171,CIVIL AND ENVIRONMENTAL ENGINEERING 173,CIVIL AND ENVIRONMENTAL ENGINEERING 175,CIVIL AND ENVIRONMENTAL ENGINEERING 177,CIVIL AND ENVIRONMENTAL ENGINEERING C178,CIVIL AND ENVIRONMENTAL ENGINEERING 191,CIVIL AND ENVIRONMENTAL ENGINEERING 192,CIVIL AND ENVIRONMENTAL ENGINEERING 193,CIVIL AND ENVIRONMENTAL ENGINEERING H194,CIVIL AND ENVIRONMENTAL ENGINEERING 197,CIVIL AND ENVIRONMENTAL ENGINEERING 198,CIVIL AND ENVIRONMENTAL ENGINEERING 199,CIVIL AND ENVIRONMENTAL ENGINEERING 200A,CIVIL AND ENVIRONMENTAL ENGINEERING 203N,CIVIL AND ENVIRONMENTAL ENGINEERING 211A,CIVIL AND ENVIRONMENTAL ENGINEERING 218A,CIVIL AND ENVIRONMENTAL ENGINEERING 220,CIVIL AND ENVIRONMENTAL ENGINEERING 223,CIVIL AND ENVIRONMENTAL ENGINEERING 225,CIVIL AND ENVIRONMENTAL ENGINEERING C231,CIVIL AND ENVIRONMENTAL ENGINEERING C235,CIVIL AND ENVIRONMENTAL ENGINEERING 240,CIVIL AND ENVIRONMENTAL ENGINEERING 244,CIVIL AND ENVIRONMENTAL ENGINEERING 249,CIVIL AND ENVIRONMENTAL ENGINEERING 251,CIVIL AND ENVIRONMENTAL ENGINEERING 252,CIVIL AND ENVIRONMENTAL ENGINEERING 253,CIVIL AND ENVIRONMENTAL ENGINEERING 258,CIVIL AND ENVIRONMENTAL ENGINEERING 262,CIVIL AND ENVIRONMENTAL ENGINEERING 264,CIVIL AND ENVIRONMENTAL ENGINEERING 268A,CIVIL AND ENVIRONMENTAL ENGINEERING 268E,CIVIL AND ENVIRONMENTAL ENGINEERING 268H,CIVIL AND ENVIRONMENTAL ENGINEERING 270,CIVIL AND ENVIRONMENTAL ENGINEERING 275,CIVIL AND ENVIRONMENTAL ENGINEERING 281,CIVIL AND ENVIRONMENTAL ENGINEERING C289,CIVIL AND ENVIRONMENTAL ENGINEERING 290,CIVIL AND ENVIRONMENTAL ENGINEERING 290I,CIVIL AND ENVIRONMENTAL ENGINEERING C290U,CIVIL AND ENVIRONMENTAL ENGINEERING 292A,CIVIL AND ENVIRONMENTAL ENGINEERING 297,CIVIL AND ENVIRONMENTAL ENGINEERING 298,CIVIL AND ENVIRONMENTAL ENGINEERING 299,CIVIL AND ENVIRONMENTAL ENGINEERING 301,CIVIL AND ENVIRONMENTAL ENGINEERING 601,CIVIL AND ENVIRONMENTAL ENGINEERING 602,CLASSICS 10A,CLASSICS 17A,CLASSICS 24,CLASSICS 29,CLASSICS R44,CLASSICS 99,CLASSICS 121,CLASSICS 130,CLASSICS 161,CLASSICS H195,CLASSICS 199,CLASSICS 201A,CLASSICS 203,CLASSICS 214,CLASSICS 239,CLASSICS 250,CLASSICS 270,CLASSICS 298,CLASSICS 299,CLASSICS 302,CLASSICS 375,CLASSICS 601,CLASSICS 602,GREEK 1,GREEK 40,GREEK 99,GREEK 100,GREEK 102,GREEK 122,GREEK H195,GREEK 199,LATIN 1,LATIN 2,LATIN 10,LATIN 99,LATIN 100,LATIN 101,LATIN 120,LATIN H195,LATIN 199,COGNITIVE SCIENCE 1,COGNITIVE SCIENCE C127,COLLEGE WRITING PROGRAM 1,COLLEGE WRITING PROGRAM R1A,COLLEGE WRITING PROGRAM R4B,COLLEGE WRITING PROGRAM 10A,COLLEGE WRITING PROGRAM 20,COLLEGE WRITING PROGRAM 25AC,COLLEGE WRITING PROGRAM 98,COLLEGE WRITING PROGRAM 105,COLLEGE WRITING PROGRAM 110,COLLEGE WRITING PROGRAM 151,COLLEGE WRITING PROGRAM 198,COLLEGE WRITING PROGRAM 375,COMPARATIVE BIOCHEMISTRY 294,COMPARATIVE BIOCHEMISTRY 299,COMPARATIVE LITERATURE R1A,COMPARATIVE LITERATURE R1B,COMPARATIVE LITERATURE 20,COMPARATIVE LITERATURE 24,COMPARATIVE LITERATURE 60AC,COMPARATIVE LITERATURE 98,COMPARATIVE LITERATURE 100,COMPARATIVE LITERATURE 112A,COMPARATIVE LITERATURE 151,COMPARATIVE LITERATURE 155,COMPARATIVE LITERATURE 170,COMPARATIVE LITERATURE 171,COMPARATIVE LITERATURE 190,COMPARATIVE LITERATURE H195,COMPARATIVE LITERATURE 199,COMPARATIVE LITERATURE 200,COMPARATIVE LITERATURE 201,COMPARATIVE LITERATURE 202C,COMPARATIVE LITERATURE 223,COMPARATIVE LITERATURE 225,COMPARATIVE LITERATURE 232,COMPARATIVE LITERATURE 298,COMPARATIVE LITERATURE 299,COMPARATIVE LITERATURE 601,COMPARATIVE LITERATURE 602,COMPUTATIONAL BIOLOGY 201,COMPUTATIONAL BIOLOGY 294A,COMPUTATIONAL BIOLOGY 295,CRITICAL THEORY GRADUATE GROUP 200,CRITICAL THEORY GRADUATE GROUP 205,CRITICAL THEORY GRADUATE GROUP 240,DEMOGRAPHY 98,DEMOGRAPHY 110,DEMOGRAPHY C126,DEMOGRAPHY 198,DEMOGRAPHY 199,DEMOGRAPHY 210,DEMOGRAPHY 213,DEMOGRAPHY 260,DEMOGRAPHY 298,DEMOGRAPHY 299,DEMOGRAPHY 301,DEMOGRAPHY 601,DEMOGRAPHY 602,DEVELOPMENT PRACTICE 220,DEVELOPMENT PRACTICE 222,DEVELOPMENT PRACTICE 227,DEVELOPMENT PRACTICE 228,DEVELOPMENT PRACTICE 300,DEVELOPMENT STUDIES C10,DEVELOPMENT STUDIES 150,EARTH AND PLANETARY SCIENCE C12,EARTH AND PLANETARY SCIENCE C20,EARTH AND PLANETARY SCIENCE 39A,EARTH AND PLANETARY SCIENCE 50,EARTH AND PLANETARY SCIENCE C82,EARTH AND PLANETARY SCIENCE 100A,EARTH AND PLANETARY SCIENCE 109,EARTH AND PLANETARY SCIENCE 117,EARTH AND PLANETARY SCIENCE 119,EARTH AND PLANETARY SCIENCE 124,EARTH AND PLANETARY SCIENCE 150,EARTH AND PLANETARY SCIENCE C178,EARTH AND PLANETARY SCIENCE C181,EARTH AND PLANETARY SCIENCE 199,EARTH AND PLANETARY SCIENCE 204,EARTH AND PLANETARY SCIENCE 216,EARTH AND PLANETARY SCIENCE 220,EARTH AND PLANETARY SCIENCE 224,EARTH AND PLANETARY SCIENCE 225,EARTH AND PLANETARY SCIENCE 236,EARTH AND PLANETARY SCIENCE 250,EARTH AND PLANETARY SCIENCE 254,EARTH AND PLANETARY SCIENCE 255,EARTH AND PLANETARY SCIENCE 256,EARTH AND PLANETARY SCIENCE 260,EARTH AND PLANETARY SCIENCE 280,EARTH AND PLANETARY SCIENCE 290,EARTH AND PLANETARY SCIENCE 298,EARTH AND PLANETARY SCIENCE 375,EAST ASIAN LANGUAGES AND CULTURES C50,EAST ASIAN LANGUAGES AND CULTURES 107,EAST ASIAN LANGUAGES AND CULTURES 109,EAST ASIAN LANGUAGES AND CULTURES C120,EAST ASIAN LANGUAGES AND CULTURES C130,EAST ASIAN LANGUAGES AND CULTURES 181,CHINESE 1A,CHINESE 1X,CHINESE 1Y,CHINESE 7A,CHINESE 10A,CHINESE 100A,CHINESE 100XA,CHINESE 101,CHINESE 110A,CHINESE 111,CHINESE 134,CHINESE 136,CHINESE 155,CHINESE 158,CHINESE 179,CHINESE 186,CHINESE H195A,CHINESE H195B,CHINESE 198,CHINESE 199,CHINESE C223,CHINESE 234,CHINESE 257,CHINESE 298,CHINESE 299,CHINESE 601,CHINESE 602,JAPANESE 1A,JAPANESE 7A,JAPANESE 10A,JAPANESE 10X,JAPANESE 100A,JAPANESE 101,JAPANESE 103,JAPANESE 111,JAPANESE C115,JAPANESE 120,JAPANESE 130,JAPANESE 155,JAPANESE 160,JAPANESE 163,JAPANESE C176,JAPANESE 180,JAPANESE 185,JAPANESE H195A,JAPANESE H195B,JAPANESE 198,JAPANESE 199,JAPANESE 230,JAPANESE 255,JAPANESE 298,JAPANESE 299,JAPANESE 601,JAPANESE 602,KOREAN 1A,KOREAN 1AX,KOREAN 7A,KOREAN 10A,KOREAN 10AX,KOREAN 100A,KOREAN 100AX,KOREAN 101,KOREAN 111,KOREAN 130,KOREAN 187,KOREAN 188,KOREAN 298,KOREAN 299,KOREAN 601,KOREAN 602,TIBETAN 1A,TIBETAN 100S,TIBETAN C224,ECONOMICS 1,ECONOMICS C3,ECONOMICS 100A,ECONOMICS 100B,ECONOMICS 101A,ECONOMICS 101B,ECONOMICS C102,ECONOMICS C110,ECONOMICS 119,ECONOMICS 121,ECONOMICS 132,ECONOMICS 136,ECONOMICS 140,ECONOMICS 141,ECONOMICS 155,ECONOMICS C171,ECONOMICS C181,ECONOMICS 182,ECONOMICS 191,ECONOMICS H195A,ECONOMICS 197,ECONOMICS 199,ECONOMICS 201A,ECONOMICS 202A,ECONOMICS 208,ECONOMICS 209A,ECONOMICS 210C,ECONOMICS 211,ECONOMICS 215A,ECONOMICS 218,ECONOMICS 220B,ECONOMICS 221,ECONOMICS 230A,ECONOMICS 231,ECONOMICS 235,ECONOMICS 236A,ECONOMICS 237,ECONOMICS 240A,ECONOMICS 241B,ECONOMICS 242,ECONOMICS 250A,ECONOMICS 251,ECONOMICS 260A,ECONOMICS C270A,ECONOMICS 271,ECONOMICS 280A,ECONOMICS 280B,ECONOMICS 281,ECONOMICS 291,ECONOMICS 295,ECONOMICS 298,ECONOMICS 299,ECONOMICS 301,ECONOMICS 375,ECONOMICS 602,EDUCATION 52,EDUCATION 97,EDUCATION 98,EDUCATION 99,EDUCATION 140AC,EDUCATION 158,EDUCATION C181,EDUCATION 186AC,EDUCATION 195B,EDUCATION 197,EDUCATION 198,EDUCATION 199,EDUCATION 201B,EDUCATION 202D,EDUCATION 204C,EDUCATION 207B,EDUCATION 207D,EDUCATION 211A,EDUCATION 213A,EDUCATION 213C,EDUCATION 213L,EDUCATION 214,EDUCATION 215,EDUCATION 223B,EDUCATION 224A,EDUCATION C229A,EDUCATION 229F,EDUCATION 231,EDUCATION 240A,EDUCATION 240D,EDUCATION 241B,EDUCATION 244B,EDUCATION 257,EDUCATION 260A,EDUCATION 262B,EDUCATION 262F,EDUCATION 269B,EDUCATION 270B,EDUCATION 271G,EDUCATION 272B,EDUCATION 274A,EDUCATION 275G,EDUCATION 275H,EDUCATION 278D,EDUCATION 280A,EDUCATION 280C,EDUCATION 283C,EDUCATION 283F,EDUCATION W289,EDUCATION 290A,EDUCATION 290B,EDUCATION 290C,EDUCATION 290E,EDUCATION 293A,EDUCATION 293L,EDUCATION 294A,EDUCATION 294B,EDUCATION 294E,EDUCATION 298A,EDUCATION 298B,EDUCATION 298C,EDUCATION 299,EDUCATION 390A,EDUCATION 390C,EDUCATION 390D,EDUCATION 413A,EDUCATION 413C,EDUCATION 413L,EDUCATION 460A,ELECTRICAL ENGINEERING 20N,ELECTRICAL ENGINEERING 24,ELECTRICAL ENGINEERING 40,ELECTRICAL ENGINEERING 42,ELECTRICAL ENGINEERING 43,ELECTRICAL ENGINEERING 98,ELECTRICAL ENGINEERING 99,ELECTRICAL ENGINEERING 100,ELECTRICAL ENGINEERING 105,ELECTRICAL ENGINEERING 120,ELECTRICAL ENGINEERING 121,ELECTRICAL ENGINEERING 122,ELECTRICAL ENGINEERING C125,ELECTRICAL ENGINEERING 126,ELECTRICAL ENGINEERING 130,ELECTRICAL ENGINEERING 137A,ELECTRICAL ENGINEERING 140,ELECTRICAL ENGINEERING 141,ELECTRICAL ENGINEERING 142,ELECTRICAL ENGINEERING 143,ELECTRICAL ENGINEERING 144,ELECTRICAL ENGINEERING C145B,ELECTRICAL ENGINEERING C145L,ELECTRICAL ENGINEERING 147,ELECTRICAL ENGINEERING C149,ELECTRICAL ENGINEERING H196A,ELECTRICAL ENGINEERING 197,ELECTRICAL ENGINEERING 198,ELECTRICAL ENGINEERING 199,ELECTRICAL ENGINEERING 215A,ELECTRICAL ENGINEERING 219A,ELECTRICAL ENGINEERING C220A,ELECTRICAL ENGINEERING C220B,ELECTRICAL ENGINEERING 221A,ELECTRICAL ENGINEERING 226A,ELECTRICAL ENGINEERING 227B,ELECTRICAL ENGINEERING 230A,ELECTRICAL ENGINEERING 232,ELECTRICAL ENGINEERING 236A,ELECTRICAL ENGINEERING 240A,ELECTRICAL ENGINEERING 241A,ELECTRICAL ENGINEERING 242A,ELECTRICAL ENGINEERING 244,ELECTRICAL ENGINEERING 247,ELECTRICAL ENGINEERING C249M,ELECTRICAL ENGINEERING 290D,ELECTRICAL ENGINEERING 298,ELECTRICAL ENGINEERING 299,ELECTRICAL ENGINEERING 375,ELECTRICAL ENGINEERING 602,COMPUTER SCIENCE 9A,COMPUTER SCIENCE 9B,COMPUTER SCIENCE 9C,COMPUTER SCIENCE 9D,COMPUTER SCIENCE 9E,COMPUTER SCIENCE 9F,COMPUTER SCIENCE 9G,COMPUTER SCIENCE 9H,COMPUTER SCIENCE 10,COMPUTER SCIENCE 39P,COMPUTER SCIENCE 47A,COMPUTER SCIENCE 47B,COMPUTER SCIENCE 47C,COMPUTER SCIENCE 61A,COMPUTER SCIENCE 61AS,COMPUTER SCIENCE 61B,COMPUTER SCIENCE 61C,COMPUTER SCIENCE 70,COMPUTER SCIENCE 98,COMPUTER SCIENCE 99,COMPUTER SCIENCE C149,COMPUTER SCIENCE 150,COMPUTER SCIENCE 160,COMPUTER SCIENCE 161,COMPUTER SCIENCE 162,COMPUTER SCIENCE 164,COMPUTER SCIENCE 169,COMPUTER SCIENCE 170,COMPUTER SCIENCE 172,COMPUTER SCIENCE 176,COMPUTER SCIENCE 184,COMPUTER SCIENCE 186,COMPUTER SCIENCE 188,COMPUTER SCIENCE 194,COMPUTER SCIENCE 195,COMPUTER SCIENCE H195,COMPUTER SCIENCE 198,COMPUTER SCIENCE 199,COMPUTER SCIENCE C249M,COMPUTER SCIENCE 260B,COMPUTER SCIENCE 262A,COMPUTER SCIENCE 265,COMPUTER SCIENCE 270,COMPUTER SCIENCE C280,COMPUTER SCIENCE 287,COMPUTER SCIENCE 294,COMPUTER SCIENCE 297,COMPUTER SCIENCE 298,COMPUTER SCIENCE 299,COMPUTER SCIENCE 375,COMPUTER SCIENCE 399,COMPUTER SCIENCE 602,ENERGY AND RESOURCES GROUP 98,ENERGY AND RESOURCES GROUP 99,ENERGY AND RESOURCES GROUP C100,ENERGY AND RESOURCES GROUP 198,ENERGY AND RESOURCES GROUP 199,ENERGY AND RESOURCES GROUP C200,ENERGY AND RESOURCES GROUP 201,ENERGY AND RESOURCES GROUP C202,ENERGY AND RESOURCES GROUP 254,ENERGY AND RESOURCES GROUP 270,ENERGY AND RESOURCES GROUP 290,ENERGY AND RESOURCES GROUP 292A,ENERGY AND RESOURCES GROUP 292D,ENERGY AND RESOURCES GROUP 295,ENERGY AND RESOURCES GROUP 296,ENERGY AND RESOURCES GROUP 298N,ENERGY AND RESOURCES GROUP 299,ENGINEERING 7,ENGINEERING 10,ENGINEERING 28,ENGINEERING 45,ENGINEERING 47,ENGINEERING 92,ENGINEERING 98,ENGINEERING 115,ENGINEERING 117,ENGINEERING 120,ENGINEERING 125,ENGINEERING 128,ENGINEERING 147,ENGINEERING 198,ENGINEERING 230,ENGINEERING 231,ENGINEERING 271,ENGINEERING C282,ENGINEERING 295,ENGINEERING 296MA,ENGINEERING 298A,ENGLISH R1A,ENGLISH R1B,ENGLISH 24,ENGLISH 31AC,ENGLISH 45A,ENGLISH 45B,ENGLISH 45C,ENGLISH C77,ENGLISH 84,ENGLISH 98,ENGLISH 99,ENGLISH 102,ENGLISH 105,ENGLISH 115A,ENGLISH 117B,ENGLISH 117S,ENGLISH 121,ENGLISH 122,ENGLISH 125D,ENGLISH 125E,ENGLISH 130B,ENGLISH 132,ENGLISH 133T,ENGLISH 137T,ENGLISH 141,ENGLISH 143A,ENGLISH 143B,ENGLISH 143N,ENGLISH 143T,ENGLISH 152,ENGLISH 165,ENGLISH 166,ENGLISH 166AC,ENGLISH 175,ENGLISH 180A,ENGLISH 180L,ENGLISH 180N,ENGLISH 190,ENGLISH H195A,ENGLISH 198,ENGLISH 199,ENGLISH 200,ENGLISH 203,ENGLISH 205A,ENGLISH 246F,ENGLISH 250,ENGLISH 298,ENGLISH 299,ENGLISH 310,ENGLISH 375,ENGLISH 602,ENVIRONMENTAL DESIGN 1,ENVIRONMENTAL DESIGN 4B,ENVIRONMENTAL DESIGN 11A,ENVIRONMENTAL DESIGN 11B,ENVIRONMENTAL DESIGN 101B,ENVIRONMENTAL DESIGN C169A,ENVIRONMENTAL DESIGN 195A,ENVIRONMENTAL DESIGN 201,ENVIRONMENTAL DESIGN 251,"ENVIRON SCI, POLICY, AND MANAGEMENT 2","ENVIRON SCI, POLICY, AND MANAGEMENT 6","ENVIRON SCI, POLICY, AND MANAGEMENT C12","ENVIRON SCI, POLICY, AND MANAGEMENT 40","ENVIRON SCI, POLICY, AND MANAGEMENT 44","ENVIRON SCI, POLICY, AND MANAGEMENT 50AC","ENVIRON SCI, POLICY, AND MANAGEMENT 90","ENVIRON SCI, POLICY, AND MANAGEMENT 99","ENVIRON SCI, POLICY, AND MANAGEMENT 100","ENVIRON SCI, POLICY, AND MANAGEMENT 102A","ENVIRON SCI, POLICY, AND MANAGEMENT 102B","ENVIRON SCI, POLICY, AND MANAGEMENT 102BL","ENVIRON SCI, POLICY, AND MANAGEMENT C103","ENVIRON SCI, POLICY, AND MANAGEMENT C104","ENVIRON SCI, POLICY, AND MANAGEMENT 106","ENVIRON SCI, POLICY, AND MANAGEMENT C107","ENVIRON SCI, POLICY, AND MANAGEMENT 108B","ENVIRON SCI, POLICY, AND MANAGEMENT C115C","ENVIRON SCI, POLICY, AND MANAGEMENT 117","ENVIRON SCI, POLICY, AND MANAGEMENT 118","ENVIRON SCI, POLICY, AND MANAGEMENT 119","ENVIRON SCI, POLICY, AND MANAGEMENT 120","ENVIRON SCI, POLICY, AND MANAGEMENT 140","ENVIRON SCI, POLICY, AND MANAGEMENT 147","ENVIRON SCI, POLICY, AND MANAGEMENT 155","ENVIRON SCI, POLICY, AND MANAGEMENT 160AC","ENVIRON SCI, POLICY, AND MANAGEMENT 161","ENVIRON SCI, POLICY, AND MANAGEMENT 162","ENVIRON SCI, POLICY, AND MANAGEMENT 168","ENVIRON SCI, POLICY, AND MANAGEMENT 169","ENVIRON SCI, POLICY, AND MANAGEMENT 172","ENVIRON SCI, POLICY, AND MANAGEMENT 175A","ENVIRON SCI, POLICY, AND MANAGEMENT 186","ENVIRON SCI, POLICY, AND MANAGEMENT 192","ENVIRON SCI, POLICY, AND MANAGEMENT 194A","ENVIRON SCI, POLICY, AND MANAGEMENT 194B","ENVIRON SCI, POLICY, AND MANAGEMENT 195","ENVIRON SCI, POLICY, AND MANAGEMENT H196","ENVIRON SCI, POLICY, AND MANAGEMENT 197","ENVIRON SCI, POLICY, AND MANAGEMENT 198","ENVIRON SCI, POLICY, AND MANAGEMENT 199","ENVIRON SCI, POLICY, AND MANAGEMENT 201A","ENVIRON SCI, POLICY, AND MANAGEMENT 201C","ENVIRON SCI, POLICY, AND MANAGEMENT 201S","ENVIRON SCI, POLICY, AND MANAGEMENT C205","ENVIRON SCI, POLICY, AND MANAGEMENT C211","ENVIRON SCI, POLICY, AND MANAGEMENT C225","ENVIRON SCI, POLICY, AND MANAGEMENT 233","ENVIRON SCI, POLICY, AND MANAGEMENT 253","ENVIRON SCI, POLICY, AND MANAGEMENT C255","ENVIRON SCI, POLICY, AND MANAGEMENT 258","ENVIRON SCI, POLICY, AND MANAGEMENT 265","ENVIRON SCI, POLICY, AND MANAGEMENT 268","ENVIRON SCI, POLICY, AND MANAGEMENT 271","ENVIRON SCI, POLICY, AND MANAGEMENT C273","ENVIRON SCI, POLICY, AND MANAGEMENT 290","ENVIRON SCI, POLICY, AND MANAGEMENT 296","ENVIRON SCI, POLICY, AND MANAGEMENT 298","ENVIRON SCI, POLICY, AND MANAGEMENT 299","ENVIRON SCI, POLICY, AND MANAGEMENT 300","ENVIRON SCI, POLICY, AND MANAGEMENT 375","ENVIRON SCI, POLICY, AND MANAGEMENT 400","ENVIRON SCI, POLICY, AND MANAGEMENT 601","ENVIRON SCI, POLICY, AND MANAGEMENT 602",ENVIRONMENTAL SCIENCES 10,ETHNIC STUDIES 10AC,ETHNIC STUDIES 24,ETHNIC STUDIES 41AC,ETHNIC STUDIES C73AC,ETHNIC STUDIES 97,ETHNIC STUDIES 98,ETHNIC STUDIES 99,ETHNIC STUDIES 101A,ETHNIC STUDIES 130,ETHNIC STUDIES 135,ETHNIC STUDIES 150,ETHNIC STUDIES 159AC,ETHNIC STUDIES 175,ETHNIC STUDIES 180,ETHNIC STUDIES 190,ETHNIC STUDIES 196,ETHNIC STUDIES H196A,ETHNIC STUDIES 197,ETHNIC STUDIES 198,ETHNIC STUDIES 199,ETHNIC STUDIES GRADUATE GROUP 200,ETHNIC STUDIES GRADUATE GROUP 202,ETHNIC STUDIES GRADUATE GROUP 203,ETHNIC STUDIES GRADUATE GROUP 250,ETHNIC STUDIES GRADUATE GROUP 296,ETHNIC STUDIES GRADUATE GROUP 299,ETHNIC STUDIES GRADUATE GROUP 302,ETHNIC STUDIES GRADUATE GROUP 303,ETHNIC STUDIES GRADUATE GROUP C375,ETHNIC STUDIES GRADUATE GROUP 601,ETHNIC STUDIES GRADUATE GROUP 602,FILM AND MEDIA R1A,FILM AND MEDIA 25A,FILM AND MEDIA 25B,FILM AND MEDIA 100,FILM AND MEDIA 108,FILM AND MEDIA 129,FILM AND MEDIA 140,FILM AND MEDIA 151,FILM AND MEDIA 180A,FILM AND MEDIA 180B,FILM AND MEDIA C185,FILM AND MEDIA H195,FILM AND MEDIA 197A,FILM AND MEDIA 197B,FILM AND MEDIA 197C,FILM AND MEDIA 200,FILM AND MEDIA 203,FILM AND MEDIA 240,FILM AND MEDIA 298,FILM AND MEDIA 299,FILM AND MEDIA 602,FOLKLORE C262A,FOLKLORE 298,FOLKLORE 299,FRENCH 1,FRENCH 2,FRENCH 3,FRENCH 4,FRENCH 13,FRENCH 14,FRENCH 102,FRENCH 103A,FRENCH 112A,FRENCH 118A,FRENCH 120B,FRENCH 121A,FRENCH 140B,FRENCH 146A,FRENCH 161B,FRENCH 171B,FRENCH 180C,FRENCH 185,FRENCH H195A,FRENCH H195B,FRENCH 197,FRENCH 199,FRENCH 200,FRENCH 201,FRENCH 211A,FRENCH 220A,FRENCH 230B,FRENCH 251,FRENCH 298,FRENCH 299,FRENCH 301,FRENCH 601,FRENCH 602,GENDER AND WOMEN'S STUDIES R1B,GENDER AND WOMEN'S STUDIES 10,GENDER AND WOMEN'S STUDIES 14,GENDER AND WOMEN'S STUDIES 20,GENDER AND WOMEN'S STUDIES 98,GENDER AND WOMEN'S STUDIES 100AC,GENDER AND WOMEN'S STUDIES 102,GENDER AND WOMEN'S STUDIES 103,GENDER AND WOMEN'S STUDIES 111,GENDER AND WOMEN'S STUDIES 130AC,GENDER AND WOMEN'S STUDIES 133AC,GENDER AND WOMEN'S STUDIES 142,GENDER AND WOMEN'S STUDIES 195,GENDER AND WOMEN'S STUDIES C196A,GENDER AND WOMEN'S STUDIES C196B,GENDER AND WOMEN'S STUDIES C196W,GENDER AND WOMEN'S STUDIES 197,GENDER AND WOMEN'S STUDIES 198,GENDER AND WOMEN'S STUDIES 199,GENDER AND WOMEN'S STUDIES 210,GENDER AND WOMEN'S STUDIES 236,LESBIAN GAY BISEXUAL TRANSGENDER ST 20AC,LESBIAN GAY BISEXUAL TRANSGENDER ST 100,LESBIAN GAY BISEXUAL TRANSGENDER ST 145,LESBIAN GAY BISEXUAL TRANSGENDER ST 146,GEOGRAPHY 10,GEOGRAPHY 20,GEOGRAPHY 24,GEOGRAPHY C32,GEOGRAPHY 40,GEOGRAPHY C55,GEOGRAPHY 70AC,GEOGRAPHY C82,GEOGRAPHY 98,GEOGRAPHY C110,GEOGRAPHY 123,GEOGRAPHY 138,GEOGRAPHY C139,GEOGRAPHY 159AC,GEOGRAPHY C160A,GEOGRAPHY 171,GEOGRAPHY 175,GEOGRAPHY 181,GEOGRAPHY 183,GEOGRAPHY C188,GEOGRAPHY H195A,GEOGRAPHY 197,GEOGRAPHY 198,GEOGRAPHY 199,GEOGRAPHY 200A,GEOGRAPHY C250,GEOGRAPHY 251,GEOGRAPHY 252,GEOGRAPHY 280,GEOGRAPHY 295,GEOGRAPHY 296,GEOGRAPHY 297,GEOGRAPHY 298,GEOGRAPHY 299,GEOGRAPHY 301,GEOGRAPHY 601,GEOGRAPHY 602,GERMAN 1,GERMAN 1G,GERMAN 2,GERMAN 2G,GERMAN 3,GERMAN 4,GERMAN R5A,GERMAN 24,GERMAN 39A,GERMAN 39H,GERMAN 98,GERMAN 99,GERMAN 100,GERMAN 101,GERMAN 105,GERMAN C109,GERMAN 147,GERMAN 148,GERMAN 157C,GERMAN 160A,GERMAN 172,GERMAN H196,GERMAN 198,GERMAN 199,GERMAN 204,GERMAN 214,GERMAN 263C,GERMAN 270,GERMAN 280,GERMAN 294,GERMAN 298,GERMAN 299,GERMAN 375A,GERMAN 602,YIDDISH 101,YIDDISH 103,DUTCH 1,DUTCH 110,DUTCH 171AC,DUTCH 190,DUTCH H196,DUTCH 198,DUTCH 199,DUTCH 299,GLOBAL METROPOLITAN STUDIES 299,GLOBAL POVERTY AND PRACTICE 105,GLOBAL POVERTY AND PRACTICE 115,GLOBAL POVERTY AND PRACTICE 196,LANGUAGE PROFICIENCY PROGRAM 100A,HEALTH AND MEDICAL SCIENCES C133,HISTORY R1B,HISTORY 2,HISTORY 4A,HISTORY 5,HISTORY 6A,HISTORY 7A,HISTORY 8B,HISTORY 10,HISTORY 14,HISTORY 24,HISTORY 39J,HISTORY 98,HISTORY 100,HISTORY 101,HISTORY 103A,HISTORY 103B,HISTORY 103C,HISTORY 103D,HISTORY 103E,HISTORY 103F,HISTORY 103S,HISTORY 103U,HISTORY 105B,HISTORY 109C,HISTORY 111B,HISTORY 114B,HISTORY 116B,HISTORY 120AC,HISTORY 124A,HISTORY 125A,HISTORY 126B,HISTORY 131B,HISTORY 135,HISTORY 137AC,HISTORY 138,HISTORY 138T,HISTORY 141B,HISTORY 149B,HISTORY C157,HISTORY 158C,HISTORY 162A,HISTORY 164C,HISTORY 171A,HISTORY C175B,HISTORY 177B,HISTORY 186,HISTORY C187,HISTORY C191,HISTORY C196A,HISTORY C196B,HISTORY 199,HISTORY C251,HISTORY 275B,HISTORY 275D,HISTORY 275S,HISTORY 280A,HISTORY 280B,HISTORY 280C,HISTORY 280D,HISTORY 280E,HISTORY 280H,HISTORY 283,HISTORY 285B,HISTORY 285D,HISTORY 285F,HISTORY 290,HISTORY 296,HISTORY 375,INDUSTRIAL ENGIN AND OPER RESEARCH 24,INDUSTRIAL ENGIN AND OPER RESEARCH 115,INDUSTRIAL ENGIN AND OPER RESEARCH 130,INDUSTRIAL ENGIN AND OPER RESEARCH 140,INDUSTRIAL ENGIN AND OPER RESEARCH 150,INDUSTRIAL ENGIN AND OPER RESEARCH 151,INDUSTRIAL ENGIN AND OPER RESEARCH 160,INDUSTRIAL ENGIN AND OPER RESEARCH 162,INDUSTRIAL ENGIN AND OPER RESEARCH 171,INDUSTRIAL ENGIN AND OPER RESEARCH 172,INDUSTRIAL ENGIN AND OPER RESEARCH 190A,INDUSTRIAL ENGIN AND OPER RESEARCH 190B,INDUSTRIAL ENGIN AND OPER RESEARCH 190C,INDUSTRIAL ENGIN AND OPER RESEARCH 190D,INDUSTRIAL ENGIN AND OPER RESEARCH 190E,INDUSTRIAL ENGIN AND OPER RESEARCH 191,INDUSTRIAL ENGIN AND OPER RESEARCH 250,INDUSTRIAL ENGIN AND OPER RESEARCH 262A,INDUSTRIAL ENGIN AND OPER RESEARCH 268,INDUSTRIAL ENGIN AND OPER RESEARCH 298,INFORMATION 199,INFORMATION 202,INFORMATION 206,INFORMATION 213,INFORMATION 219,INFORMATION 237,INFORMATION 242,INFORMATION 253,INFORMATION 256,INFORMATION 257,INFORMATION C262,INFORMATION 271B,INFORMATION 290,INFORMATION 290A,INFORMATION 290MA,INFORMATION 290TA,INFORMATION 293,INFORMATION 295,INFORMATION 296A,INFORMATION 299,INFORMATION 602,INTEGRATIVE BIOLOGY C13,INTEGRATIVE BIOLOGY 24,INTEGRATIVE BIOLOGY 35AC,INTEGRATIVE BIOLOGY 41,INTEGRATIVE BIOLOGY C82,INTEGRATIVE BIOLOGY 95,INTEGRATIVE BIOLOGY C96,INTEGRATIVE BIOLOGY 98,INTEGRATIVE BIOLOGY 99,INTEGRATIVE BIOLOGY C107L,INTEGRATIVE BIOLOGY 112,INTEGRATIVE BIOLOGY 115,INTEGRATIVE BIOLOGY 117,INTEGRATIVE BIOLOGY 117LF,INTEGRATIVE BIOLOGY 118,INTEGRATIVE BIOLOGY 123AL,INTEGRATIVE BIOLOGY C125L,INTEGRATIVE BIOLOGY 127L,INTEGRATIVE BIOLOGY 131,INTEGRATIVE BIOLOGY 131A,INTEGRATIVE BIOLOGY 131L,INTEGRATIVE BIOLOGY 135,INTEGRATIVE BIOLOGY 137,INTEGRATIVE BIOLOGY 144,INTEGRATIVE BIOLOGY 153,INTEGRATIVE BIOLOGY 154,INTEGRATIVE BIOLOGY 154L,INTEGRATIVE BIOLOGY C156,INTEGRATIVE BIOLOGY 157LF,INTEGRATIVE BIOLOGY 158LF,INTEGRATIVE BIOLOGY 159,INTEGRATIVE BIOLOGY 160,INTEGRATIVE BIOLOGY 164,INTEGRATIVE BIOLOGY C176L,INTEGRATIVE BIOLOGY 191,INTEGRATIVE BIOLOGY 194,INTEGRATIVE BIOLOGY H196A,INTEGRATIVE BIOLOGY H196B,INTEGRATIVE BIOLOGY 198,INTEGRATIVE BIOLOGY 199,INTEGRATIVE BIOLOGY 223,INTEGRATIVE BIOLOGY C226,INTEGRATIVE BIOLOGY 230,INTEGRATIVE BIOLOGY 232,INTEGRATIVE BIOLOGY 234,INTEGRATIVE BIOLOGY 251,INTEGRATIVE BIOLOGY 259,INTEGRATIVE BIOLOGY 264,INTEGRATIVE BIOLOGY 283,INTEGRATIVE BIOLOGY 286,INTEGRATIVE BIOLOGY 290,INTEGRATIVE BIOLOGY 291,INTEGRATIVE BIOLOGY 292,INTEGRATIVE BIOLOGY 296,INTEGRATIVE BIOLOGY 297,INTEGRATIVE BIOLOGY 298,INTEGRATIVE BIOLOGY 299,INTEGRATIVE BIOLOGY 375,INTEGRATIVE BIOLOGY 400,INTEGRATIVE BIOLOGY 601,INTEGRATIVE BIOLOGY 602,INTERDISCIPLINARY STUDIES FIELD MAJ 39B,INTERDISCIPLINARY STUDIES FIELD MAJ 100A,INTERDISCIPLINARY STUDIES FIELD MAJ 100B,INTERDISCIPLINARY STUDIES FIELD MAJ 100D,INTERDISCIPLINARY STUDIES FIELD MAJ 100E,INTERDISCIPLINARY STUDIES FIELD MAJ 100H,INTERDISCIPLINARY STUDIES FIELD MAJ C101,INTERDISCIPLINARY STUDIES FIELD MAJ 189,INTERDISCIPLINARY STUDIES FIELD MAJ 190,INTERDISCIPLINARY STUDIES FIELD MAJ H195,INTERNATIONAL AND AREA STUDIES 45,INTERNATIONAL AND AREA STUDIES 102,INTERNATIONAL AND AREA STUDIES H102,INTERNATIONAL AND AREA STUDIES 107,INTERNATIONAL AND AREA STUDIES C118,INTERNATIONAL AND AREA STUDIES 150,INTERNATIONAL AND AREA STUDIES C175,INTERNATIONAL AND AREA STUDIES 194,INTERNATIONAL AND AREA STUDIES 207,INTERNATIONAL AND AREA STUDIES C229,INTERNATIONAL AND AREA STUDIES 375,ITALIAN STUDIES 1,ITALIAN STUDIES 2,ITALIAN STUDIES 3,ITALIAN STUDIES 4,ITALIAN STUDIES R5A,ITALIAN STUDIES R5B,ITALIAN STUDIES 12,ITALIAN STUDIES 50,ITALIAN STUDIES 98,ITALIAN STUDIES 101A,ITALIAN STUDIES 103,ITALIAN STUDIES 115,ITALIAN STUDIES 120,ITALIAN STUDIES 160,ITALIAN STUDIES 170,ITALIAN STUDIES H195,ITALIAN STUDIES 198,ITALIAN STUDIES 199,ITALIAN STUDIES 204,ITALIAN STUDIES 205,ITALIAN STUDIES 215,ITALIAN STUDIES 260,ITALIAN STUDIES 270,ITALIAN STUDIES 282,ITALIAN STUDIES 290A,ITALIAN STUDIES 298,ITALIAN STUDIES 299,ITALIAN STUDIES 302,ITALIAN STUDIES 303,ITALIAN STUDIES 375,ITALIAN STUDIES 601,ITALIAN STUDIES 602,JOURNALISM 254,JOURNALISM 298,JOURNALISM 601,LANDSCAPE ARCHITECTURE 12,LANDSCAPE ARCHITECTURE 101,LANDSCAPE ARCHITECTURE 103,LANDSCAPE ARCHITECTURE 110,LANDSCAPE ARCHITECTURE 110L,LANDSCAPE ARCHITECTURE 111,LANDSCAPE ARCHITECTURE 120,LANDSCAPE ARCHITECTURE 134A,LANDSCAPE ARCHITECTURE 134B,LANDSCAPE ARCHITECTURE 135,LANDSCAPE ARCHITECTURE C171,LANDSCAPE ARCHITECTURE C188,LANDSCAPE ARCHITECTURE 197,LANDSCAPE ARCHITECTURE 200A,LANDSCAPE ARCHITECTURE 201,LANDSCAPE ARCHITECTURE 203,LANDSCAPE ARCHITECTURE 226,LANDSCAPE ARCHITECTURE 227,LANDSCAPE ARCHITECTURE C231,LANDSCAPE ARCHITECTURE C237,LANDSCAPE ARCHITECTURE C241,LANDSCAPE ARCHITECTURE C242,LANDSCAPE ARCHITECTURE C250,LANDSCAPE ARCHITECTURE 251,LANDSCAPE ARCHITECTURE 252B,LANDSCAPE ARCHITECTURE 253,LANDSCAPE ARCHITECTURE 254,LANDSCAPE ARCHITECTURE 255,LANDSCAPE ARCHITECTURE 295,LANDSCAPE ARCHITECTURE 296,LANDSCAPE ARCHITECTURE 297,LANDSCAPE ARCHITECTURE 298,LANDSCAPE ARCHITECTURE 299,LANDSCAPE ARCHITECTURE 300,LANDSCAPE ARCHITECTURE 375,LANDSCAPE ARCHITECTURE 601,LANDSCAPE ARCHITECTURE 602,LATIN AMERICAN STUDIES 10,LATIN AMERICAN STUDIES 150,LATIN AMERICAN STUDIES 200,LATIN AMERICAN STUDIES 250,LEGAL STUDIES R1B,LEGAL STUDIES 39D,LEGAL STUDIES 100,LEGAL STUDIES 109,LEGAL STUDIES 132AC,LEGAL STUDIES 147,LEGAL STUDIES 151,LEGAL STUDIES 155,LEGAL STUDIES 163,LEGAL STUDIES 170,LEGAL STUDIES 176,LEGAL STUDIES 177,LEGAL STUDIES 181,LEGAL STUDIES 182,LEGAL STUDIES 184,LEGAL STUDIES 190,LEGAL STUDIES H195A,LEGAL STUDIES H195B,LEGAL STUDIES 199,LETTERS AND SCIENCE 1,LETTERS AND SCIENCE C5,LETTERS AND SCIENCE 24,LETTERS AND SCIENCE C30T,LETTERS AND SCIENCE 70B,LETTERS AND SCIENCE C70T,LETTERS AND SCIENCE C70V,LETTERS AND SCIENCE C70Y,LETTERS AND SCIENCE C103,LETTERS AND SCIENCE 110,LETTERS AND SCIENCE 120C,LETTERS AND SCIENCE C140U,LETTERS AND SCIENCE C140V,LETTERS AND SCIENCE 160D,LETTERS AND SCIENCE C180T,LINGUISTICS 1A,LINGUISTICS R1B,LINGUISTICS 5,LINGUISTICS 24,LINGUISTICS 100,LINGUISTICS 106,LINGUISTICS 110,LINGUISTICS 121,LINGUISTICS 130,LINGUISTICS C139,LINGUISTICS 140,LINGUISTICS 150,LINGUISTICS 170,LINGUISTICS 200,LINGUISTICS 201,LINGUISTICS 202,LINGUISTICS 205,LINGUISTICS 211B,LINGUISTICS 220A,LINGUISTICS 234,LINGUISTICS 240A,LINGUISTICS 290L,LINGUISTICS 298,LINGUISTICS 375,LINGUISTICS 601,LINGUISTICS 602,LINGUISTICS 999,MATERIALS SCIENCE AND ENGINEERING 39A,MATERIALS SCIENCE AND ENGINEERING 102,MATERIALS SCIENCE AND ENGINEERING 113,MATERIALS SCIENCE AND ENGINEERING C118,MATERIALS SCIENCE AND ENGINEERING 120,MATERIALS SCIENCE AND ENGINEERING 123,MATERIALS SCIENCE AND ENGINEERING 125,MATERIALS SCIENCE AND ENGINEERING 130,MATERIALS SCIENCE AND ENGINEERING H194,MATERIALS SCIENCE AND ENGINEERING 198,MATERIALS SCIENCE AND ENGINEERING 199,MATERIALS SCIENCE AND ENGINEERING 200A,MATERIALS SCIENCE AND ENGINEERING 201A,MATERIALS SCIENCE AND ENGINEERING 204,MATERIALS SCIENCE AND ENGINEERING C211,MATERIALS SCIENCE AND ENGINEERING 223,MATERIALS SCIENCE AND ENGINEERING C225,MATERIALS SCIENCE AND ENGINEERING 241,MATERIALS SCIENCE AND ENGINEERING 251,MATERIALS SCIENCE AND ENGINEERING 290A,MATERIALS SCIENCE AND ENGINEERING 296A,MATERIALS SCIENCE AND ENGINEERING 298,MATERIALS SCIENCE AND ENGINEERING 299,MATERIALS SCIENCE AND ENGINEERING 601,MATERIALS SCIENCE AND ENGINEERING 602,MATHEMATICS 1A,MATHEMATICS 1B,MATHEMATICS H1B,MATHEMATICS 10A,MATHEMATICS 16A,MATHEMATICS 16B,MATHEMATICS 24,MATHEMATICS 32,MATHEMATICS 49,MATHEMATICS 53,MATHEMATICS 54,MATHEMATICS H54,MATHEMATICS 55,MATHEMATICS 98,MATHEMATICS 104,MATHEMATICS H104,MATHEMATICS 110,MATHEMATICS H110,MATHEMATICS 113,MATHEMATICS 114,MATHEMATICS 115,MATHEMATICS 116,MATHEMATICS 121A,MATHEMATICS 125A,MATHEMATICS 126,MATHEMATICS 128A,MATHEMATICS 135,MATHEMATICS 141,MATHEMATICS 143,MATHEMATICS 152,MATHEMATICS 170,MATHEMATICS 185,MATHEMATICS 189,MATHEMATICS 191,MATHEMATICS 199,MATHEMATICS 202A,MATHEMATICS 204,MATHEMATICS 206,MATHEMATICS 214,MATHEMATICS 215A,MATHEMATICS C218A,MATHEMATICS 221,MATHEMATICS 222A,MATHEMATICS C223A,MATHEMATICS 224A,MATHEMATICS 225A,MATHEMATICS 227A,MATHEMATICS 228A,MATHEMATICS 249,MATHEMATICS 250A,MATHEMATICS 254A,MATHEMATICS 256A,MATHEMATICS 261A,MATHEMATICS 273I,MATHEMATICS 274,MATHEMATICS 275,MATHEMATICS 279,MATHEMATICS 301,MATHEMATICS 303,MATHEMATICS 375,MATHEMATICS 602,MATHEMATICS 999,MATHEMATICS 999,MATHEMATICS 999,MATHEMATICS 999,MATHEMATICS 999,MATHEMATICS 999,MECHANICAL ENGINEERING 24,MECHANICAL ENGINEERING 40,MECHANICAL ENGINEERING C85,MECHANICAL ENGINEERING 98,MECHANICAL ENGINEERING 102A,MECHANICAL ENGINEERING 102B,MECHANICAL ENGINEERING 104,MECHANICAL ENGINEERING 106,MECHANICAL ENGINEERING 107,MECHANICAL ENGINEERING 108,MECHANICAL ENGINEERING 109,MECHANICAL ENGINEERING 119,MECHANICAL ENGINEERING 130,MECHANICAL ENGINEERING 132,MECHANICAL ENGINEERING 140,MECHANICAL ENGINEERING 146,MECHANICAL ENGINEERING 163,MECHANICAL ENGINEERING 164,MECHANICAL ENGINEERING 175,MECHANICAL ENGINEERING C176,MECHANICAL ENGINEERING 185,MECHANICAL ENGINEERING 191K,MECHANICAL ENGINEERING 196,MECHANICAL ENGINEERING 198,MECHANICAL ENGINEERING 199,MECHANICAL ENGINEERING C218,MECHANICAL ENGINEERING 220,MECHANICAL ENGINEERING 224,MECHANICAL ENGINEERING C231A,MECHANICAL ENGINEERING C232,MECHANICAL ENGINEERING 237,MECHANICAL ENGINEERING 240A,MECHANICAL ENGINEERING 241B,MECHANICAL ENGINEERING 246,MECHANICAL ENGINEERING 251,MECHANICAL ENGINEERING 253,MECHANICAL ENGINEERING 254,MECHANICAL ENGINEERING 258,MECHANICAL ENGINEERING C268,MECHANICAL ENGINEERING 273,MECHANICAL ENGINEERING C279,MECHANICAL ENGINEERING 280A,MECHANICAL ENGINEERING 283,MECHANICAL ENGINEERING 290J,MECHANICAL ENGINEERING 290L,MECHANICAL ENGINEERING 290P,MECHANICAL ENGINEERING 298,MECHANICAL ENGINEERING 299,MECHANICAL ENGINEERING 375,MEDIA STUDIES 10,MEDIA STUDIES 102,MEDIA STUDIES 104D,MEDIA STUDIES 130,MEDIA STUDIES 190,MEDIA STUDIES C196A,MEDIA STUDIES C196B,MEDIA STUDIES C196W,MIDDLE EASTERN STUDIES 102,MIDDLE EASTERN STUDIES 150,MILITARY AFFAIRS 1,MILITARY AFFAIRS 145A,MILITARY AFFAIRS 199,AEROSPACE STUDIES 1A,AEROSPACE STUDIES 2A,AEROSPACE STUDIES 100,AEROSPACE STUDIES 135A,MILITARY SCIENCE 1,MILITARY SCIENCE 2,MILITARY SCIENCE 100,MILITARY SCIENCE 131,MILITARY SCIENCE 141,NAVAL SCIENCE 1,NAVAL SCIENCE 3,NAVAL SCIENCE 12A,NAVAL SCIENCE 400C,NAVAL SCIENCE 401,MOLECULAR AND CELL BIOLOGY 32,MOLECULAR AND CELL BIOLOGY 32L,MOLECULAR AND CELL BIOLOGY 55,MOLECULAR AND CELL BIOLOGY C62,MOLECULAR AND CELL BIOLOGY 64,MOLECULAR AND CELL BIOLOGY C96,MOLECULAR AND CELL BIOLOGY C100A,MOLECULAR AND CELL BIOLOGY 102,MOLECULAR AND CELL BIOLOGY 104,MOLECULAR AND CELL BIOLOGY 110,MOLECULAR AND CELL BIOLOGY C110L,MOLECULAR AND CELL BIOLOGY C112,MOLECULAR AND CELL BIOLOGY C112L,MOLECULAR AND CELL BIOLOGY C116,MOLECULAR AND CELL BIOLOGY 118,MOLECULAR AND CELL BIOLOGY 132,MOLECULAR AND CELL BIOLOGY 133L,MOLECULAR AND CELL BIOLOGY 135A,MOLECULAR AND CELL BIOLOGY 136,MOLECULAR AND CELL BIOLOGY 140,MOLECULAR AND CELL BIOLOGY 143,MOLECULAR AND CELL BIOLOGY 150,MOLECULAR AND CELL BIOLOGY 150L,MOLECULAR AND CELL BIOLOGY C160,MOLECULAR AND CELL BIOLOGY 163,MOLECULAR AND CELL BIOLOGY 166,MOLECULAR AND CELL BIOLOGY 200A,MOLECULAR AND CELL BIOLOGY 200B,MOLECULAR AND CELL BIOLOGY C216,MOLECULAR AND CELL BIOLOGY 218C,MOLECULAR AND CELL BIOLOGY 218D,MOLECULAR AND CELL BIOLOGY 218E,MOLECULAR AND CELL BIOLOGY 218F,MOLECULAR AND CELL BIOLOGY 218G,MOLECULAR AND CELL BIOLOGY 218H,MOLECULAR AND CELL BIOLOGY 218I,MOLECULAR AND CELL BIOLOGY 218J,MOLECULAR AND CELL BIOLOGY 218O,MOLECULAR AND CELL BIOLOGY 218Q,MOLECULAR AND CELL BIOLOGY 218R,MOLECULAR AND CELL BIOLOGY 218S,MOLECULAR AND CELL BIOLOGY 218U,MOLECULAR AND CELL BIOLOGY 218V,MOLECULAR AND CELL BIOLOGY 218W,MOLECULAR AND CELL BIOLOGY 218X,MOLECULAR AND CELL BIOLOGY 219F,MOLECULAR AND CELL BIOLOGY 219H,MOLECULAR AND CELL BIOLOGY 219J,MOLECULAR AND CELL BIOLOGY 219Q,MOLECULAR AND CELL BIOLOGY 219S,MOLECULAR AND CELL BIOLOGY 219T,MOLECULAR AND CELL BIOLOGY 219U,MOLECULAR AND CELL BIOLOGY 219V,MOLECULAR AND CELL BIOLOGY 219X,MOLECULAR AND CELL BIOLOGY 219Y,MOLECULAR AND CELL BIOLOGY 219Z,MOLECULAR AND CELL BIOLOGY 236,MOLECULAR AND CELL BIOLOGY 239B,MOLECULAR AND CELL BIOLOGY 239BB,MOLECULAR AND CELL BIOLOGY 239CC,MOLECULAR AND CELL BIOLOGY 239D,MOLECULAR AND CELL BIOLOGY 239EE,MOLECULAR AND CELL BIOLOGY 239F,MOLECULAR AND CELL BIOLOGY 239FF,MOLECULAR AND CELL BIOLOGY 239H,MOLECULAR AND CELL BIOLOGY 239HH,MOLECULAR AND CELL BIOLOGY 239I,MOLECULAR AND CELL BIOLOGY 239J,MOLECULAR AND CELL BIOLOGY 239K,MOLECULAR AND CELL BIOLOGY 239KK,MOLECULAR AND CELL BIOLOGY 239M,MOLECULAR AND CELL BIOLOGY 239N,MOLECULAR AND CELL BIOLOGY 239O,MOLECULAR AND CELL BIOLOGY 239Q,MOLECULAR AND CELL BIOLOGY 239R,MOLECULAR AND CELL BIOLOGY 239T,MOLECULAR AND CELL BIOLOGY 239U,MOLECULAR AND CELL BIOLOGY 239V,MOLECULAR AND CELL BIOLOGY 239W,MOLECULAR AND CELL BIOLOGY 239X,MOLECULAR AND CELL BIOLOGY 239Z,MOLECULAR AND CELL BIOLOGY 249A,MOLECULAR AND CELL BIOLOGY 249C,MOLECULAR AND CELL BIOLOGY 249D,MOLECULAR AND CELL BIOLOGY 249F,MOLECULAR AND CELL BIOLOGY 249G,MOLECULAR AND CELL BIOLOGY 249J,MOLECULAR AND CELL BIOLOGY 249K,MOLECULAR AND CELL BIOLOGY 249M,MOLECULAR AND CELL BIOLOGY 249N,MOLECULAR AND CELL BIOLOGY 249O,MOLECULAR AND CELL BIOLOGY 249P,MOLECULAR AND CELL BIOLOGY 249Q,MOLECULAR AND CELL BIOLOGY 249S,MOLECULAR AND CELL BIOLOGY 249T,MOLECULAR AND CELL BIOLOGY 249V,MOLECULAR AND CELL BIOLOGY 249X,MOLECULAR AND CELL BIOLOGY 249Y,MOLECULAR AND CELL BIOLOGY 249Z,MOLECULAR AND CELL BIOLOGY 259B,MOLECULAR AND CELL BIOLOGY 259E,MOLECULAR AND CELL BIOLOGY 259F,MOLECULAR AND CELL BIOLOGY 259G,MOLECULAR AND CELL BIOLOGY 259H,MOLECULAR AND CELL BIOLOGY 259I,MOLECULAR AND CELL BIOLOGY 259J,MOLECULAR AND CELL BIOLOGY 259M,MOLECULAR AND CELL BIOLOGY 259N,MOLECULAR AND CELL BIOLOGY C260,MOLECULAR AND CELL BIOLOGY C262,MOLECULAR AND CELL BIOLOGY 269A,MOLECULAR AND CELL BIOLOGY 269B,MOLECULAR AND CELL BIOLOGY 269D,MOLECULAR AND CELL BIOLOGY 269H,MOLECULAR AND CELL BIOLOGY 269J,MOLECULAR AND CELL BIOLOGY 269M,MOLECULAR AND CELL BIOLOGY 269O,MOLECULAR AND CELL BIOLOGY 269Q,MOLECULAR AND CELL BIOLOGY 269R,MOLECULAR AND CELL BIOLOGY 269S,MOLECULAR AND CELL BIOLOGY 269T,MOLECULAR AND CELL BIOLOGY 269U,MOLECULAR AND CELL BIOLOGY 269W,MOLECULAR AND CELL BIOLOGY 282,MOLECULAR AND CELL BIOLOGY 291A,MOLECULAR AND CELL BIOLOGY 292,MOLECULAR AND CELL BIOLOGY 293A,MOLECULAR AND CELL BIOLOGY 380,MOLECULAR AND CELL BIOLOGY 481B,MOLECULAR AND CELL BIOLOGY 481C,MUSIC 20A,MUSIC 20B,MUSIC 25A,MUSIC 27,MUSIC 39M,MUSIC 40,MUSIC 41A,MUSIC 41B,MUSIC 42,MUSIC 44,MUSIC 49B,MUSIC 49C,MUSIC 50,MUSIC 51,MUSIC 60,MUSIC 61,MUSIC 74,MUSIC 77,MUSIC 97,MUSIC 99,MUSIC 109,MUSIC 109M,MUSIC 128A,MUSIC 128AM,MUSIC 128P,MUSIC 134B,MUSIC 139,MUSIC 140,MUSIC 141,MUSIC 142,MUSIC 143,MUSIC 144,MUSIC 145,MUSIC 146B,MUSIC 148,MUSIC 149,MUSIC 150A,MUSIC 150B,MUSIC 150C,MUSIC 150D,MUSIC 150E,MUSIC 150G,MUSIC 150H,MUSIC 151,MUSIC 155,MUSIC 158,MUSIC 162,MUSIC 164,MUSIC 165,MUSIC 179,MUSIC 189,MUSIC H195,MUSIC 197,MUSIC 199,MUSIC 200B,MUSIC 200C,MUSIC 201A,MUSIC 203,MUSIC 204,MUSIC 207,MUSIC 210,MUSIC 220,MUSIC 247,MUSIC 249,MUSIC 290,MUSIC 296,MUSIC 298,MUSIC 299,MUSIC 405,MUSIC 410,MUSIC 601,MUSIC 602,NANOSCALE SCIENCE AND ENGINEERING 290,NANOSCALE SCIENCE AND ENGINEERING 298,NATIVE AMERICAN STUDIES R1A,NATIVE AMERICAN STUDIES R1B,NATIVE AMERICAN STUDIES 20A,NATIVE AMERICAN STUDIES 39A,NATIVE AMERICAN STUDIES C73AC,NATIVE AMERICAN STUDIES 90,NATIVE AMERICAN STUDIES 97,NATIVE AMERICAN STUDIES 98,NATIVE AMERICAN STUDIES 99,NATIVE AMERICAN STUDIES 100,NATIVE AMERICAN STUDIES C152,NATIVE AMERICAN STUDIES 178,NATIVE AMERICAN STUDIES 190,NATIVE AMERICAN STUDIES 195,NATIVE AMERICAN STUDIES H195A,NATIVE AMERICAN STUDIES 197,NATIVE AMERICAN STUDIES 198,NATIVE AMERICAN STUDIES 199,NATURAL RESOURCES 24,NATURAL RESOURCES 84,NEAR EASTERN STUDIES R1A,NEAR EASTERN STUDIES 10,NEAR EASTERN STUDIES 18,NEAR EASTERN STUDIES 24,NEAR EASTERN STUDIES C26,NEAR EASTERN STUDIES 99,NEAR EASTERN STUDIES 102A,NEAR EASTERN STUDIES 109,NEAR EASTERN STUDIES 112,NEAR EASTERN STUDIES C121A,NEAR EASTERN STUDIES 123,NEAR EASTERN STUDIES 139,NEAR EASTERN STUDIES 146A,NEAR EASTERN STUDIES 190C,NEAR EASTERN STUDIES 190H,NEAR EASTERN STUDIES 200,NEAR EASTERN STUDIES 205,NEAR EASTERN STUDIES 223,NEAR EASTERN STUDIES 298,ARABIC 1A,ARABIC 20A,ARABIC 100A,ARABIC 111A,ARABIC 220,ARABIC 298,CUNEIFORM 100A,CUNEIFORM 101A,CUNEIFORM 103A,CUNEIFORM 200A,EGYPTIAN 100A,HEBREW 1A,HEBREW 20A,HEBREW 100A,HEBREW 201A,HEBREW 202A,HEBREW 204A,HEBREW 301B,PERSIAN 1A,PERSIAN 11A,PERSIAN 100A,PERSIAN 101A,PERSIAN 104A,SEMITICS 100A,TURKISH 1A,TURKISH 100A,TURKISH 101A,NEUROSCIENCE C129,NEUROSCIENCE C160,NEUROSCIENCE C260,NEUROSCIENCE C262,NEUROSCIENCE 291A,NEUROSCIENCE 292,NEUROSCIENCE 294,NEW MEDIA 190,NEW MEDIA 201,NEW MEDIA C262,NEW MEDIA 290,NUCLEAR ENGINEERING 92,NUCLEAR ENGINEERING 101,NUCLEAR ENGINEERING 120,NUCLEAR ENGINEERING 161,NUCLEAR ENGINEERING 175,NUCLEAR ENGINEERING 180,NUCLEAR ENGINEERING H194,NUCLEAR ENGINEERING 199,NUCLEAR ENGINEERING 250,NUCLEAR ENGINEERING 265,NUCLEAR ENGINEERING 275,NUCLEAR ENGINEERING C282,NUCLEAR ENGINEERING 295,NUCLEAR ENGINEERING 298,NUCLEAR ENGINEERING 299,NUCLEAR ENGINEERING 375,NUCLEAR ENGINEERING 602,NUTRITIONAL SCIENCES AND TOXICOLOGY 10,NUTRITIONAL SCIENCES AND TOXICOLOGY 99,NUTRITIONAL SCIENCES AND TOXICOLOGY 103,NUTRITIONAL SCIENCES AND TOXICOLOGY 108A,NUTRITIONAL SCIENCES AND TOXICOLOGY 108B,NUTRITIONAL SCIENCES AND TOXICOLOGY 110,NUTRITIONAL SCIENCES AND TOXICOLOGY 161A,NUTRITIONAL SCIENCES AND TOXICOLOGY 166,NUTRITIONAL SCIENCES AND TOXICOLOGY 171,NUTRITIONAL SCIENCES AND TOXICOLOGY 190,NUTRITIONAL SCIENCES AND TOXICOLOGY 192,NUTRITIONAL SCIENCES AND TOXICOLOGY 198,NUTRITIONAL SCIENCES AND TOXICOLOGY 199,NUTRITIONAL SCIENCES AND TOXICOLOGY 211A,NUTRITIONAL SCIENCES AND TOXICOLOGY 290,NUTRITIONAL SCIENCES AND TOXICOLOGY 292,NUTRITIONAL SCIENCES AND TOXICOLOGY 293,NUTRITIONAL SCIENCES AND TOXICOLOGY 296A,NUTRITIONAL SCIENCES AND TOXICOLOGY 298,NUTRITIONAL SCIENCES AND TOXICOLOGY 299,NUTRITIONAL SCIENCES AND TOXICOLOGY 301,NUTRITIONAL SCIENCES AND TOXICOLOGY 302,NUTRITIONAL SCIENCES AND TOXICOLOGY 602,NUTRITIONAL SCIENCES AND TOXICOLOGY 999,OPTOMETRY 200A,OPTOMETRY 200C,OPTOMETRY 222A,OPTOMETRY 226A,OPTOMETRY 230A,OPTOMETRY 231A,OPTOMETRY 236A,OPTOMETRY 241,OPTOMETRY 246,OPTOMETRY 251,OPTOMETRY 270B,OPTOMETRY 281A,OPTOMETRY 291A,OPTOMETRY 292A,OPTOMETRY 298A,OPTOMETRY 299A,OPTOMETRY 430B,OPTOMETRY 435,OPTOMETRY 440B,OPTOMETRY 441B,OPTOMETRY 450A,OPTOMETRY 499,VISION SCIENCE 24,VISION SCIENCE 84,VISION SCIENCE 199,VISION SCIENCE 201A,VISION SCIENCE 203A,VISION SCIENCE 205,VISION SCIENCE 206A,VISION SCIENCE 206D,VISION SCIENCE 212A,VISION SCIENCE 212B,VISION SCIENCE 212D,VISION SCIENCE 215,VISION SCIENCE 265,VISION SCIENCE C280,VISION SCIENCE 298,VISION SCIENCE 299,VISION SCIENCE 300,VISION SCIENCE 602,PEACE AND CONFLICT STUDIES 10,PEACE AND CONFLICT STUDIES 94,PEACE AND CONFLICT STUDIES 100,PEACE AND CONFLICT STUDIES 119,PEACE AND CONFLICT STUDIES 126,PEACE AND CONFLICT STUDIES 130,PEACE AND CONFLICT STUDIES 150,PEACE AND CONFLICT STUDIES 151,PEACE AND CONFLICT STUDIES 164A,PEACE AND CONFLICT STUDIES 170,PHILOSOPHY 2,PHILOSOPHY 3,PHILOSOPHY 6,PHILOSOPHY 12A,PHILOSOPHY 25A,PHILOSOPHY 100,PHILOSOPHY 104,PHILOSOPHY 112,PHILOSOPHY 115,PHILOSOPHY 122,PHILOSOPHY 128,PHILOSOPHY 132,PHILOSOPHY 136,PHILOSOPHY 149,PHILOSOPHY 160,PHILOSOPHY 163,PHILOSOPHY 170,PHILOSOPHY 176,PHILOSOPHY 178,PHILOSOPHY 189,PHILOSOPHY H195,PHILOSOPHY 198,PHILOSOPHY 199,PHILOSOPHY 200,PHILOSOPHY 250,PHILOSOPHY 251,PHILOSOPHY 290,PHILOSOPHY 295,PHILOSOPHY 299,PHILOSOPHY 301,PHILOSOPHY 375,PHILOSOPHY 602,PHILOSOPHY 603,PHYSICAL EDUCATION 1,PHYSICAL EDUCATION 2,PHYSICAL EDUCATION 3,PHYSICAL EDUCATION 4,PHYSICAL EDUCATION 5,PHYSICAL EDUCATION 11,PHYSICAL EDUCATION 12,PHYSICAL EDUCATION 32,PHYSICAL EDUCATION C165,PHYSICAL EDUCATION 197,PHYSICS 7A,PHYSICS H7A,PHYSICS 7B,PHYSICS H7B,PHYSICS 7C,PHYSICS H7C,PHYSICS 8A,PHYSICS 8B,PHYSICS C10,PHYSICS 24,PHYSICS 49,PHYSICS 99,PHYSICS 105,PHYSICS 110A,PHYSICS 110B,PHYSICS 111,PHYSICS 112,PHYSICS 129,PHYSICS 137A,PHYSICS 137B,PHYSICS 141A,PHYSICS H195A,PHYSICS H195B,PHYSICS 199,PHYSICS 205B,PHYSICS C207,PHYSICS 209,PHYSICS 212,PHYSICS 221A,PHYSICS 226,PHYSICS C228,PHYSICS 232A,PHYSICS 233B,PHYSICS 234A,PHYSICS 238,PHYSICS 240A,PHYSICS 250,PHYSICS 251,PHYSICS C285,PHYSICS 290B,PHYSICS C290C,PHYSICS 290E,PHYSICS 290F,PHYSICS 290K,PHYSICS 290P,PHYSICS 290S,PHYSICS 290Z,PHYSICS 295,PHYSICS 299,PHYSICS 301,PHYSICS 375,PHYSICS 602,PHYSICS 999,PLANT AND MICROBIAL BIOLOGY 10,PLANT AND MICROBIAL BIOLOGY C96,PLANT AND MICROBIAL BIOLOGY 99,PLANT AND MICROBIAL BIOLOGY C112,PLANT AND MICROBIAL BIOLOGY C112L,PLANT AND MICROBIAL BIOLOGY 113,PLANT AND MICROBIAL BIOLOGY C116,PLANT AND MICROBIAL BIOLOGY C124,PLANT AND MICROBIAL BIOLOGY 135,PLANT AND MICROBIAL BIOLOGY 180,PLANT AND MICROBIAL BIOLOGY 185,PLANT AND MICROBIAL BIOLOGY H196,PLANT AND MICROBIAL BIOLOGY 199,PLANT AND MICROBIAL BIOLOGY 200A,PLANT AND MICROBIAL BIOLOGY 200C,PLANT AND MICROBIAL BIOLOGY 200F,PLANT AND MICROBIAL BIOLOGY 201,PLANT AND MICROBIAL BIOLOGY 202,PLANT AND MICROBIAL BIOLOGY 210,PLANT AND MICROBIAL BIOLOGY C216,PLANT AND MICROBIAL BIOLOGY 220C,PLANT AND MICROBIAL BIOLOGY 220E,PLANT AND MICROBIAL BIOLOGY 220F,PLANT AND MICROBIAL BIOLOGY C224,PLANT AND MICROBIAL BIOLOGY 238,PLANT AND MICROBIAL BIOLOGY 290,PLANT AND MICROBIAL BIOLOGY 296,PLANT AND MICROBIAL BIOLOGY 298,PLANT AND MICROBIAL BIOLOGY 299,PLANT AND MICROBIAL BIOLOGY 300,PLANT AND MICROBIAL BIOLOGY 602,POLITICAL ECONOMY 24,POLITICAL ECONOMY 100,POLITICAL ECONOMY 101,POLITICAL ECONOMY 150,POLITICAL ECONOMY 160,POLITICAL ECONOMY C196A,POLITICAL ECONOMY C196B,POLITICAL ECONOMY C196W,POLITICAL SCIENCE 3,POLITICAL SCIENCE 5,POLITICAL SCIENCE 106A,POLITICAL SCIENCE 112C,POLITICAL SCIENCE 123H,POLITICAL SCIENCE 123M,POLITICAL SCIENCE C135,POLITICAL SCIENCE 138E,POLITICAL SCIENCE 138G,POLITICAL SCIENCE 139D,POLITICAL SCIENCE 143A,POLITICAL SCIENCE 143B,POLITICAL SCIENCE 144B,POLITICAL SCIENCE 146A,POLITICAL SCIENCE 147F,POLITICAL SCIENCE 149E,POLITICAL SCIENCE 164A,POLITICAL SCIENCE 171,POLITICAL SCIENCE 175A,POLITICAL SCIENCE 179,POLITICAL SCIENCE 181,POLITICAL SCIENCE H190A,POLITICAL SCIENCE 191,POLITICAL SCIENCE 196,POLITICAL SCIENCE C196A,POLITICAL SCIENCE C196B,POLITICAL SCIENCE 197,POLITICAL SCIENCE 199,POLITICAL SCIENCE 200,POLITICAL SCIENCE 203,POLITICAL SCIENCE 214,POLITICAL SCIENCE 215A,POLITICAL SCIENCE 223,POLITICAL SCIENCE 224A,POLITICAL SCIENCE 232B,POLITICAL SCIENCE 235,POLITICAL SCIENCE C236A,POLITICAL SCIENCE 244A,POLITICAL SCIENCE 250,POLITICAL SCIENCE 271,POLITICAL SCIENCE 280A,POLITICAL SCIENCE 290,POLITICAL SCIENCE 291,POLITICAL SCIENCE 291AS,POLITICAL SCIENCE 291F,POLITICAL SCIENCE 291T,POLITICAL SCIENCE 292,POLITICAL SCIENCE 296,POLITICAL SCIENCE 375,POLITICAL SCIENCE 398,POLITICAL SCIENCE 404,POLITICAL SCIENCE 602,PSYCHOLOGY 1,PSYCHOLOGY W1,PSYCHOLOGY 2,PSYCHOLOGY C19,PSYCHOLOGY 24,PSYCHOLOGY 39M,PSYCHOLOGY 101,PSYCHOLOGY 102,PSYCHOLOGY 110,PSYCHOLOGY C127,PSYCHOLOGY 130,PSYCHOLOGY 133,PSYCHOLOGY 140,PSYCHOLOGY 141,PSYCHOLOGY 148,PSYCHOLOGY 150,PSYCHOLOGY 156,PSYCHOLOGY 160,PSYCHOLOGY H194A,PSYCHOLOGY 205A,PSYCHOLOGY 210B,PSYCHOLOGY 210E,PSYCHOLOGY 214,PSYCHOLOGY C223,PSYCHOLOGY 229,PSYCHOLOGY 230,PSYCHOLOGY 234D,PSYCHOLOGY 236,PSYCHOLOGY 237E,PSYCHOLOGY 237G,PSYCHOLOGY 239,PSYCHOLOGY 240A,PSYCHOLOGY 249,PSYCHOLOGY 250A,PSYCHOLOGY 250D,PSYCHOLOGY 259,PSYCHOLOGY 269,PSYCHOLOGY 290B,PSYCHOLOGY 290I,PSYCHOLOGY 292,PSYCHOLOGY 294,PSYCHOLOGY 299,PSYCHOLOGY 301,PSYCHOLOGY 375,PUBLIC HEALTH 97,PUBLIC HEALTH 98,PUBLIC HEALTH 99,PUBLIC HEALTH 116,PUBLIC HEALTH C129,PUBLIC HEALTH 140,PUBLIC HEALTH 142,PUBLIC HEALTH 150B,PUBLIC HEALTH 150D,PUBLIC HEALTH 162A,PUBLIC HEALTH 162L,PUBLIC HEALTH 181,PUBLIC HEALTH 183,PUBLIC HEALTH H195A,PUBLIC HEALTH 197,PUBLIC HEALTH 198,PUBLIC HEALTH 199,PUBLIC HEALTH 200C1,PUBLIC HEALTH 200C2,PUBLIC HEALTH 201F,PUBLIC HEALTH 202G,PUBLIC HEALTH 203A,PUBLIC HEALTH 204A,PUBLIC HEALTH 204D,PUBLIC HEALTH 206,PUBLIC HEALTH 206A,PUBLIC HEALTH 206C,PUBLIC HEALTH 210,PUBLIC HEALTH 210B,PUBLIC HEALTH 210C,PUBLIC HEALTH 212A,PUBLIC HEALTH 213A,PUBLIC HEALTH 216A,PUBLIC HEALTH 219D,PUBLIC HEALTH 220,PUBLIC HEALTH 220C,PUBLIC HEALTH 220D,PUBLIC HEALTH 221B,PUBLIC HEALTH 223A,PUBLIC HEALTH 223D,PUBLIC HEALTH 224C,PUBLIC HEALTH 226B,PUBLIC HEALTH 229,PUBLIC HEALTH C240B,PUBLIC HEALTH C242C,PUBLIC HEALTH 245,PUBLIC HEALTH 248,PUBLIC HEALTH 250A,PUBLIC HEALTH 250B,PUBLIC HEALTH 251A,PUBLIC HEALTH 251C,PUBLIC HEALTH 251D,PUBLIC HEALTH 252A,PUBLIC HEALTH 255C,PUBLIC HEALTH 257,PUBLIC HEALTH 260A,PUBLIC HEALTH 264,PUBLIC HEALTH 265,PUBLIC HEALTH 266A,PUBLIC HEALTH 269D,PUBLIC HEALTH 269E,PUBLIC HEALTH 270,PUBLIC HEALTH 270A,PUBLIC HEALTH 272B,PUBLIC HEALTH 276,PUBLIC HEALTH 282,PUBLIC HEALTH 285A,PUBLIC HEALTH 290,PUBLIC HEALTH 291A,PUBLIC HEALTH 292,PUBLIC HEALTH 293,PUBLIC HEALTH 295,PUBLIC HEALTH 296,PUBLIC HEALTH 297,PUBLIC HEALTH 298,PUBLIC HEALTH 299,PUBLIC HEALTH 375A,PUBLIC HEALTH 375B,PUBLIC POLICY 98,PUBLIC POLICY 101,PUBLIC POLICY C184,PUBLIC POLICY 190,PUBLIC POLICY 210A,PUBLIC POLICY 220,PUBLIC POLICY 240A,PUBLIC POLICY 250,PUBLIC POLICY 251,PUBLIC POLICY C253,PUBLIC POLICY 259,PUBLIC POLICY 260,PUBLIC POLICY 279,PUBLIC POLICY 280,PUBLIC POLICY C284,PUBLIC POLICY 286,PUBLIC POLICY 290,PUBLIC POLICY 296,PUBLIC POLICY 297,PUBLIC POLICY 375,RELIGIOUS STUDIES 90A,RELIGIOUS STUDIES C109,RELIGIOUS STUDIES C135,RELIGIOUS STUDIES C165,RELIGIOUS STUDIES 190,RHETORIC R1A,RHETORIC R1B,RHETORIC 10,RHETORIC 24,RHETORIC 98,RHETORIC 103A,RHETORIC 106,RHETORIC 118,RHETORIC 124,RHETORIC 129,RHETORIC 131T,RHETORIC 135T,RHETORIC 150,RHETORIC 152AC,RHETORIC 165,RHETORIC 171,RHETORIC 189,RHETORIC H190A,RHETORIC H190B,RHETORIC 198,RHETORIC 199,RHETORIC 205,RHETORIC 240G,RHETORIC 295,RHETORIC 299,RHETORIC 300,RHETORIC 601,RHETORIC 602,SCANDINAVIAN 1A,SCANDINAVIAN 2A,SCANDINAVIAN 3A,SCANDINAVIAN 4A,SCANDINAVIAN R5A,SCANDINAVIAN R5B,SCANDINAVIAN 98,SCANDINAVIAN 100A,SCANDINAVIAN 102A,SCANDINAVIAN C107,SCANDINAVIAN 125,SCANDINAVIAN 145,SCANDINAVIAN 149,SCANDINAVIAN 150,SCANDINAVIAN 180,SCANDINAVIAN 198,SCANDINAVIAN 199,SCANDINAVIAN 201A,SCANDINAVIAN 249,SCANDINAVIAN 250,SCANDINAVIAN 298,SCANDINAVIAN 299,SCANDINAVIAN 300B,SCANDINAVIAN 301,SCANDINAVIAN 601,SCANDINAVIAN 602,SCIENCE AND MATHEMATICS EDUCATION 210,SCIENCE AND MATHEMATICS EDUCATION 292,SCIENCE AND MATHEMATICS EDUCATION 294,SCIENCE AND MATHEMATICS EDUCATION 295,SCIENCE AND MATHEMATICS EDUCATION 299,SCIENCE AND MATHEMATICS EDUCATION 602,SCIENCE AND TECHNOLOGY STUDIES C250,SLAVIC LANGUAGES AND LITERATURES 1,SLAVIC LANGUAGES AND LITERATURES 2,SLAVIC LANGUAGES AND LITERATURES 3,SLAVIC LANGUAGES AND LITERATURES 4,SLAVIC LANGUAGES AND LITERATURES R5A,SLAVIC LANGUAGES AND LITERATURES R5B,SLAVIC LANGUAGES AND LITERATURES 24,SLAVIC LANGUAGES AND LITERATURES 25A,SLAVIC LANGUAGES AND LITERATURES 26A,SLAVIC LANGUAGES AND LITERATURES 27A,SLAVIC LANGUAGES AND LITERATURES 39N,SLAVIC LANGUAGES AND LITERATURES 45,SLAVIC LANGUAGES AND LITERATURES 98,SLAVIC LANGUAGES AND LITERATURES 99,SLAVIC LANGUAGES AND LITERATURES 103A,SLAVIC LANGUAGES AND LITERATURES 115A,SLAVIC LANGUAGES AND LITERATURES 116A,SLAVIC LANGUAGES AND LITERATURES 117A,SLAVIC LANGUAGES AND LITERATURES 120A,SLAVIC LANGUAGES AND LITERATURES 131,SLAVIC LANGUAGES AND LITERATURES 134A,SLAVIC LANGUAGES AND LITERATURES 134R,SLAVIC LANGUAGES AND LITERATURES 137,SLAVIC LANGUAGES AND LITERATURES C139,SLAVIC LANGUAGES AND LITERATURES 170,SLAVIC LANGUAGES AND LITERATURES 171,SLAVIC LANGUAGES AND LITERATURES 181,SLAVIC LANGUAGES AND LITERATURES H195,SLAVIC LANGUAGES AND LITERATURES 198,SLAVIC LANGUAGES AND LITERATURES 199,SLAVIC LANGUAGES AND LITERATURES 200,SLAVIC LANGUAGES AND LITERATURES 201,SLAVIC LANGUAGES AND LITERATURES 210,SLAVIC LANGUAGES AND LITERATURES 246A,SLAVIC LANGUAGES AND LITERATURES 246B,SLAVIC LANGUAGES AND LITERATURES 281,SLAVIC LANGUAGES AND LITERATURES 298,SLAVIC LANGUAGES AND LITERATURES 299,SLAVIC LANGUAGES AND LITERATURES 310,SLAVIC LANGUAGES AND LITERATURES 375A,SLAVIC LANGUAGES AND LITERATURES 375B,SLAVIC LANGUAGES AND LITERATURES 601,SLAVIC LANGUAGES AND LITERATURES 602,EAST EUROPEAN STUDIES 1A,EAST EUROPEAN STUDIES 2A,EAST EUROPEAN STUDIES 100,EAST EUROPEAN STUDIES 102A,EURASIAN STUDIES 1A,EURASIAN STUDIES 101A,SOCIAL WELFARE 97,SOCIAL WELFARE 98,SOCIAL WELFARE 110,SOCIAL WELFARE 112,SOCIAL WELFARE 114,SOCIAL WELFARE 116,SOCIAL WELFARE H195,SOCIAL WELFARE 197,SOCIAL WELFARE 198,SOCIAL WELFARE 200,SOCIAL WELFARE 205,SOCIAL WELFARE 210A,SOCIAL WELFARE 210I,SOCIAL WELFARE 220,SOCIAL WELFARE 223,SOCIAL WELFARE 235,SOCIAL WELFARE 237,SOCIAL WELFARE 238B,SOCIAL WELFARE 240,SOCIAL WELFARE 241,SOCIAL WELFARE 250B,SOCIAL WELFARE 250C,SOCIAL WELFARE 250L,SOCIAL WELFARE 250M,SOCIAL WELFARE 250T,SOCIAL WELFARE 250U,SOCIAL WELFARE 250X,SOCIAL WELFARE 250Y,SOCIAL WELFARE 252,SOCIAL WELFARE 254,SOCIAL WELFARE 274,SOCIAL WELFARE 275,SOCIAL WELFARE 279,SOCIAL WELFARE 282A,SOCIAL WELFARE 285A,SOCIAL WELFARE 287,SOCIAL WELFARE 296,SOCIAL WELFARE 298,SOCIAL WELFARE 299,SOCIAL WELFARE 300,SOCIAL WELFARE 301,SOCIAL WELFARE 400,SOCIAL WELFARE 401,SOCIAL WELFARE 403,SOCIOLOGY 1,SOCIOLOGY 3AC,SOCIOLOGY 5,SOCIOLOGY 101,SOCIOLOGY 102,SOCIOLOGY 108,SOCIOLOGY 113AC,SOCIOLOGY 117,SOCIOLOGY 119T,SOCIOLOGY 120,SOCIOLOGY 121,SOCIOLOGY 124,SOCIOLOGY C126,SOCIOLOGY 127,SOCIOLOGY 130AC,SOCIOLOGY 139,SOCIOLOGY 140,SOCIOLOGY 150,SOCIOLOGY 160,SOCIOLOGY 166,SOCIOLOGY 167,SOCIOLOGY 180I,SOCIOLOGY 182,SOCIOLOGY 190,SOCIOLOGY H190A,SOCIOLOGY 194,SOCIOLOGY C196A,SOCIOLOGY C196B,SOCIOLOGY 201A,SOCIOLOGY 202B,SOCIOLOGY 271A,SOCIOLOGY 271B,SOCIOLOGY 273D,SOCIOLOGY 273F,SOCIOLOGY 273I,SOCIOLOGY 280A,SOCIOLOGY 280H,SOCIOLOGY 280L,SOCIOLOGY 280P,SOUTH AND SOUTHEAST ASIAN STUDIES R5A,SOUTH AND SOUTHEAST ASIAN STUDIES 24,SOUTH AND SOUTHEAST ASIAN STUDIES C52,SOUTH AND SOUTHEAST ASIAN STUDIES 84,SOUTH AND SOUTHEAST ASIAN STUDIES 98A,SOUTH AND SOUTHEAST ASIAN STUDIES 99A,SOUTH AND SOUTHEAST ASIAN STUDIES 120,SOUTH AND SOUTHEAST ASIAN STUDIES 149,SOUTH AND SOUTHEAST ASIAN STUDIES H195A,SOUTH AND SOUTHEAST ASIAN STUDIES H195B,SOUTH AND SOUTHEAST ASIAN STUDIES H195E,SOUTH AND SOUTHEAST ASIAN STUDIES H195F,SOUTH AND SOUTHEAST ASIAN STUDIES 199A,SOUTH AND SOUTHEAST ASIAN STUDIES 199E,SOUTH AND SOUTHEAST ASIAN STUDIES 199F,SOUTH AND SOUTHEAST ASIAN STUDIES 250,SOUTH AND SOUTHEAST ASIAN STUDIES 290A,SOUTH AND SOUTHEAST ASIAN STUDIES 290B,SOUTH AND SOUTHEAST ASIAN STUDIES 290C,SOUTH AND SOUTHEAST ASIAN STUDIES 290D,SOUTH AND SOUTHEAST ASIAN STUDIES 290E,SOUTH AND SOUTHEAST ASIAN STUDIES 290F,SOUTH AND SOUTHEAST ASIAN STUDIES 299A,SOUTH AND SOUTHEAST ASIAN STUDIES 299B,SOUTH AND SOUTHEAST ASIAN STUDIES 299C,SOUTH AND SOUTHEAST ASIAN STUDIES 299D,SOUTH AND SOUTHEAST ASIAN STUDIES 299E,SOUTH AND SOUTHEAST ASIAN STUDIES 299F,SOUTH AND SOUTHEAST ASIAN STUDIES 601A,SOUTH AND SOUTHEAST ASIAN STUDIES 601B,SOUTH AND SOUTHEAST ASIAN STUDIES 601C,SOUTH AND SOUTHEAST ASIAN STUDIES 601D,SOUTH AND SOUTHEAST ASIAN STUDIES 601E,SOUTH AND SOUTHEAST ASIAN STUDIES 601F,SOUTH AND SOUTHEAST ASIAN STUDIES 602A,SOUTH AND SOUTHEAST ASIAN STUDIES 602B,SOUTH AND SOUTHEAST ASIAN STUDIES 602C,SOUTH AND SOUTHEAST ASIAN STUDIES 602D,SOUTH AND SOUTHEAST ASIAN STUDIES 602E,SOUTH AND SOUTHEAST ASIAN STUDIES 602F,SOUTH ASIAN 1A,SOUTH ASIAN R5A,SOUTH ASIAN C140,SOUTH ASIAN 146,SOUTH ASIAN C215A,SOUTH ASIAN C224,SOUTHEAST ASIAN 10A,SOUTHEAST ASIAN 137,BENGALI 1A,FILIPINO 1A,FILIPINO 100A,FILIPINO 101A,HINDI-URDU 1A,HINDI-URDU 2A,HINDI-URDU 100A,HINDI-URDU 101A,HINDI-URDU 103A,HINDI-URDU 104A,KHMER 1A,KHMER 100A,KHMER 101A,MALAY/INDONESIAN 1A,MALAY/INDONESIAN 100A,MALAY/INDONESIAN 232,PUNJABI 1A,PUNJABI 100A,SANSKRIT 100A,SANSKRIT 101A,SANSKRIT 200A,TAMIL 1A,TAMIL 101A,TAMIL 210A,TELUGU 1A,THAI 1A,THAI 100A,VIETNAMESE 1A,VIETNAMESE 100A,VIETNAMESE 101A,SPANISH 1,SPANISH R1A,SPANISH 2,SPANISH 3,SPANISH 4,SPANISH 21,SPANISH 22,SPANISH 24,SPANISH 25,SPANISH 98,SPANISH 100,SPANISH 102A,SPANISH 102C,SPANISH 104A,SPANISH 107A,SPANISH 111A,SPANISH 135,SPANISH 135W,SPANISH 163,SPANISH H195,SPANISH H195A,SPANISH H195B,SPANISH 198,SPANISH 199,SPANISH 200C,SPANISH 242,SPANISH 260,SPANISH 280,SPANISH 285,SPANISH 298,SPANISH 299,SPANISH 302,SPANISH 375,SPANISH 601,SPANISH 602,PORTUGUESE 11,PORTUGUESE 24,PORTUGUESE 101A,PORTUGUESE 101B,PORTUGUESE 102,PORTUGUESE 103,PORTUGUESE 104,PORTUGUESE 135,PORTUGUESE 275,PORTUGUESE 298,PORTUGUESE 299,STATISTICS 2,STATISTICS 20,STATISTICS 21,STATISTICS W21,STATISTICS 131A,STATISTICS 133,STATISTICS 134,STATISTICS 135,STATISTICS 151A,STATISTICS 153,STATISTICS 154,STATISTICS 155,STATISTICS 157,STATISTICS 158,STATISTICS 201A,STATISTICS 201B,STATISTICS C205A,STATISTICS C206A,STATISTICS 210A,STATISTICS 215A,STATISTICS 243,STATISTICS C245B,STATISTICS C245C,STATISTICS C247C,STATISTICS 272,STATISTICS 278B,STATISTICS 298,STATISTICS 299,STATISTICS 375,"THEATER, DANCE, AND PERFORMANCE ST R1A","THEATER, DANCE, AND PERFORMANCE ST R1B","THEATER, DANCE, AND PERFORMANCE ST 10","THEATER, DANCE, AND PERFORMANCE ST 11","THEATER, DANCE, AND PERFORMANCE ST 24","THEATER, DANCE, AND PERFORMANCE ST 25AC","THEATER, DANCE, AND PERFORMANCE ST 39D","THEATER, DANCE, AND PERFORMANCE ST 40A","THEATER, DANCE, AND PERFORMANCE ST 60","THEATER, DANCE, AND PERFORMANCE ST 98","THEATER, DANCE, AND PERFORMANCE ST C107","THEATER, DANCE, AND PERFORMANCE ST 110A","THEATER, DANCE, AND PERFORMANCE ST 111","THEATER, DANCE, AND PERFORMANCE ST 119","THEATER, DANCE, AND PERFORMANCE ST 121","THEATER, DANCE, AND PERFORMANCE ST 125","THEATER, DANCE, AND PERFORMANCE ST 126","THEATER, DANCE, AND PERFORMANCE ST 139","THEATER, DANCE, AND PERFORMANCE ST 141A","THEATER, DANCE, AND PERFORMANCE ST 142A","THEATER, DANCE, AND PERFORMANCE ST 144","THEATER, DANCE, AND PERFORMANCE ST 146A","THEATER, DANCE, AND PERFORMANCE ST 147","THEATER, DANCE, AND PERFORMANCE ST 151B","THEATER, DANCE, AND PERFORMANCE ST 162","THEATER, DANCE, AND PERFORMANCE ST 166","THEATER, DANCE, AND PERFORMANCE ST 167","THEATER, DANCE, AND PERFORMANCE ST 168","THEATER, DANCE, AND PERFORMANCE ST 169","THEATER, DANCE, AND PERFORMANCE ST 171","THEATER, DANCE, AND PERFORMANCE ST 172","THEATER, DANCE, AND PERFORMANCE ST 174A","THEATER, DANCE, AND PERFORMANCE ST 175A","THEATER, DANCE, AND PERFORMANCE ST 176","THEATER, DANCE, AND PERFORMANCE ST 177","THEATER, DANCE, AND PERFORMANCE ST 179","THEATER, DANCE, AND PERFORMANCE ST 181","THEATER, DANCE, AND PERFORMANCE ST H195A","THEATER, DANCE, AND PERFORMANCE ST H195B","THEATER, DANCE, AND PERFORMANCE ST 196","THEATER, DANCE, AND PERFORMANCE ST 197","THEATER, DANCE, AND PERFORMANCE ST 199","THEATER, DANCE, AND PERFORMANCE ST 200","THEATER, DANCE, AND PERFORMANCE ST 202","THEATER, DANCE, AND PERFORMANCE ST 203","THEATER, DANCE, AND PERFORMANCE ST 266",UNDERGRAD INTERDISCIPLINARY STUDIES 80A,UNDERGRAD INTERDISCIPLINARY STUDIES 80B,UNDERGRAD INTERDISCIPLINARY STUDIES 81A,UNDERGRAD INTERDISCIPLINARY STUDIES 81B,UNDERGRAD INTERDISCIPLINARY STUDIES 82,UNDERGRAD INTERDISCIPLINARY STUDIES 98,UNDERGRAD INTERDISCIPLINARY STUDIES 110,UNDERGRAD INTERDISCIPLINARY STUDIES 120,UNDERGRAD INTERDISCIPLINARY STUDIES C133,UNDERGRAD INTERDISCIPLINARY STUDIES 140,UNDERGRAD INTERDISCIPLINARY STUDIES C155,UNDERGRAD INTERDISCIPLINARY STUDIES 160A,UNDERGRAD INTERDISCIPLINARY STUDIES 162I,UNDERGRAD INTERDISCIPLINARY STUDIES 162N,UNDERGRAD INTERDISCIPLINARY STUDIES 162O,UNDERGRAD INTERDISCIPLINARY STUDIES 187,UNDERGRAD INTERDISCIPLINARY STUDIES 188,UNDERGRAD INTERDISCIPLINARY STUDIES 192A,UNDERGRAD INTERDISCIPLINARY STUDIES 192B,UNDERGRAD INTERDISCIPLINARY STUDIES 192C,UNDERGRAD INTERDISCIPLINARY STUDIES 192D,UNDERGRAD INTERDISCIPLINARY STUDIES 192E,UNDERGRAD INTERDISCIPLINARY STUDIES C196A,UNDERGRAD INTERDISCIPLINARY STUDIES C196B,UNDERGRAD INTERDISCIPLINARY STUDIES 198,UNDERGRAD INTERDISCIPLINARY STUDIES 303
